"","id","pseudodiptomus_adult","psedodiptomus_copepidite","acanthocyclops_adult","acanthocyclops_copepididte","cyclopoid_sp","cyclopoid_nauplii","calanoid_naulpii","harpaticoid","daphnia_pulex","daphnia_laevis","daphnia_magna","daphnia_mendotea","ceriodaphnia_sp","simocephalus_sp","bosmina_sp","sididae","chydorus_sphaericus","eurycercus","alona","chydoridae","diaphanosoma","scapholeberis","cladocera_embryo","eucypris","ilyocypris","cypridopsis","gammarus","rotifer","polychaete","acari","chironomid_larvae","oliogochaete","gastropod","tardigrade","nematode","hyalella","hydra","terrestrial_insect","collembola","baetidae","diptera","hydroptilidae","coleoptera","ephemerellidae","odonata","bivalve","trichoptera","corixidae","fish_larvae","streblocerus","amphipod","date","location","time","temp_c","ec_s_cm","spc_s_cm","tds_mg_l","salinity_psu","do_sat","do_mg_l","ph","turbidity_ntu","chl_g_l","bga_g_l","start_rotation","end_rotation","zoop_score_1_10","notes","volume_sampled","ilyocryptus","moina","treatment","distance","flow_cfs","mgmt_ac","concentration","year"
"1","RRSAC2B_2/12/2019_12:00",0,0,19.80594847,260.3067514,0,0,0,2.829421211,166.9358514,0,0,0,220.6948544,8.488263632,25.46479089,0,48.10016058,0,0,0,0,0,19.80594847,8.488263632,0,0,0,8.488263632,0,0,0,0,0,0,0,0,0,0,0,0,0,5.658842421,0,0,0,0,0,0,0,0,0,2019-02-12,"RRSAC2B","12:00:00",8.684,176.2,253.6,165,0.12,91.3,10.63,7.49,37.22,2.5,0.85,0,1,3,"1 in end rotation to represent 30cm sample with no flowmeter data",1.413716694,NA,NA,"treatment",0,15700,5435,0.795067360138,"2019"
"2","RRSAC3_2/12/2019_12:50",0,0.707355303,4.244131816,36.07512043,0,0,0,0,14.14710605,0,0,0,16.97652726,2.122065908,0.707355303,0,3.536776513,0,0,0,0,0,1.414710605,0.707355303,0,0,0,1.414710605,0.707355303,0,3.536776513,0,0,0,0,0,0,0,0,2.829421211,2.122065908,0.707355303,0,0,0,0,0,0,0,0,0,2019-02-12,"RRSAC3","12:50:00",8.678,145.4,211,137,0.1,92.6,10.78,7.53,31.1,1.98,0.87,0,1,2,"1 in end rotation to represent 30cm sample with no flowmeter data",1.413716694,NA,NA,"treatment",0.5,15700,5435,0.091956189334,"2019"
"3","RRSAC1_2/12/2019_11:35",0,0.707355303,4.951487118,14.85446136,0,0,0,0.707355303,0.707355303,0,0,0,2.829421211,0,1.414710605,0,0,0,0,0,0,0,0,0.707355303,0,0,0,0.707355303,0,0,1.414710605,0,0,0,0,0,0,0,0,0.707355303,1.414710605,0,0,0,0,0,0.707355303,0,0,0,0,2019-02-12,"RRSAC1","11:35:00",8.646,140,203.3,132,0.1,92.8,10.81,7.51,28.18,1.9,0.89,0,1,1,"1 in end rotation to represent 30cm sample with no flowmeter data",1.413716694,NA,NA,"control",-0.3,15700,5435,0.031830988625,"2019"
"4","RRSAC4_2/12/2019_13:50",0,0.707355303,5.658842421,26.1721462,0,0,0,0.707355303,11.31768484,0,0,0,12.02504014,3.536776513,2.122065908,0,0.707355303,0,0,0,0,0,2.829421211,0,0,0,0,2.122065908,0,0.707355303,1.414710605,0,0,0,0,0,0,0,0,1.414710605,2.829421211,0,0,0,0,0,0,0,0,0,0,2019-02-12,"RRSAC4","13:50:00",8.677,144.6,209,136,0.1,92.6,10.77,7.54,26.33,2.48,0.9,0,1,1,"1 in end rotation to represent 30cm sample with no flowmeter data",1.413716694,NA,NA,"treatment",1,15700,5435,0.074272306774,"2019"
"5","RRSAC2A_2/12/2019_11:25",0,8.084060603,30.31522726,185.9333939,0,0,6.063045451,0,183.9123787,0,0,0,127.3239545,10.10507575,56.58842421,0,58.60943936,0,4.042030301,0,0,0,12.1260909,0,0,0,0,12.1260909,2.02101515,0,4.042030301,0,0,0,0,0,0,0,0,0,2.02101515,0,0,0,0,0,0,0,0,0,0,2019-02-12,"RRSAC2A","11:25:00",8.631,171.4,253.5,165,0.12,93.3,10.84,7.69,36.06,2.55,0.99,0,1,3,"1 in end rotation to represent 30cm sample with no flowmeter data",1.413716694,NA,NA,"treatment",0,15700,5435,0.703313272436,"2019"
"6","RRSAC4_2/5/2019_11:35",0,4.951487118,3.536776513,62.24726663,0,2.829421211,2.122065908,0,34.66040983,0,0,0,19.09859317,3.536776513,28.29421211,0,2.122065908,0,0.707355303,0,0,0,5.658842421,0,0,0,0,18.39123787,1.414710605,0,0.707355303,0,0,0,1.414710605,0,0,0,0,2.122065908,7.780908329,0,0,0,0,0,0,0,0,0,0,2019-02-05,"RRSAC4","11:35:00",10.311,93,129.2,84,0.06,91.1,10.17,7.29,164.23,4.03,1.33,0,1,1,"1 in end rotation to represent 30cm sample with no flowmeter data",1.413716694,NA,NA,"treatment",1,25400,5435,0.201596261255,"2019"
"7","RRSAC1_2/5/2019_10:45",0,1.414710605,0.707355303,12.73239545,0,1.414710605,0.707355303,0.707355303,0,0,0,0,5.658842421,0,4.951487118,0,0.707355303,0,0,0,0,0,0.707355303,0.707355303,0,0,0.707355303,8.488263632,4.244131816,0,0.707355303,0,0,1.414710605,0,0,0.707355303,0,0,2.122065908,8.488263632,0.707355303,0,0.707355303,0,0,0.707355303,0,0,0,0,2019-02-05,"RRSAC1","10:45:00",10.241,87.7,122.1,79,0.06,89.7,10.04,7.33,157.49,4.17,1.34,0,1,1,"1 in end rotation to represent 30cm sample with no flowmeter data",1.413716694,NA,NA,"control",-0.3,25400,5435,0.059417845428,"2019"
"8","RRSAC3_2/5/2019_11:00",0,0.707355303,9.195618934,27.5868568,0,0.707355303,0.707355303,0.707355303,9.902974237,0,0,0,20.51330378,2.122065908,7.780908329,0,3.536776513,0,0,0,0,0,2.829421211,0,0,0.707355303,0,24.05008029,2.829421211,0,2.829421211,0,0,0.707355303,0,0,0.707355303,0,0,2.829421211,7.073553026,0,2.829421211,0,0,0,0,0,0,0,0,2019-02-05,"RRSAC3","11:00:00",10.242,92,128,83,0.06,89.3,10.02,7.3,160.59,4.42,1.45,0,1,1,"1 in end rotation to represent 30cm sample with no flowmeter data",1.413716694,NA,NA,"treatment",0.5,25400,5435,0.130860730993,"2019"
"9","RRSAC2_2/5/2019_10:40",0,0,28.29421211,149.9593242,0,0,8.488263632,0,56.58842421,0,0,0,260.3067514,22.63536968,53.759003,0,14.14710605,0,0,0,0,0,8.488263632,0,0,0,0,16.97652726,2.829421211,0,5.658842421,0,0,0,0,0,0,0,0,0,0,0,0,0,5.658842421,0,0,0,0,0,0,2019-02-05,"RRSAC2","10:40:00",10.099,121.1,169.4,110,0.08,89.3,10.03,7.51,173.67,4.53,1.45,0,1,2,"1 in end rotation to represent 30cm sample with no flowmeter data",1.413716694,NA,NA,"treatment",0,25400,5435,0.633790351227,"2019"
"10","RRSAC2_1/22/2019_10:50",0,0,35.62708657,190.7096987,0,2.095710975,10.47855487,0,73.34988412,0,0,0,106.8812597,8.382843899,41.9142195,0,12.57426585,0,0,0,0,0,31.43566462,0,0,0,0,23.05282072,2.095710975,0,6.287132924,0,0,0,0,0,0,0,0,0,4.19142195,0,0,0,0,0,0,0,0,0,0,2019-01-22,"RRSAC2","10:50:00",10.316,131.5,182.7,119,0.09,92.7,10.37,7.45,102.23,3.2,1.09,2095,2723,3,NA,1.192912587,NA,NA,"treatment",0,25400,5435,0.549076275373,"2019"
"11","RRSAC1_1/22/2019_11:15",0,0,0.98584756,5.915085358,0,0,0,0,0,0,0,0,0,0,0.98584756,0,0,0,0,0,0,0,0,0,0,0,0,0,0.98584756,0,0.98584756,0,0,0,0,0,0,0,0,0.98584756,0,0,0,0,0,0,0.98584756,0,0,0,0,2019-01-22,"RRSAC1","11:15:00",10.366,112.7,156.2,102,0.07,93.1,10.41,7.46,77.39,2.76,1.02,2734,3268,1,NA,1.014355607,NA,NA,"control",-0.3,25400,5435,0.011830170718,"2019"
"12","RRSAC2A_4/22/2019_10:30",0,24.23768862,37.81079425,432.2387804,0,0,6.786552814,0,31.02424144,0,0,0,37.81079425,0,31.99374898,0,3.878030179,0,0,0,0,0,1.93901509,0,0,0,0,2.908522635,0,0,0,0,0,0.969507545,0,0,0.969507545,0.969507545,0,0,1.93901509,0.969507545,0,0,0,0,0,0,0,0,0,2019-04-22,"RRSAC2A","10:30:00",15.048,122,150.1,97,0.07,95.1,9.58,7.38,24.64,2.91,0.42,4992,5535,1,NA,1.031451488,NA,NA,"treatment",0,22400,5435,0.616445213928,"2019"
"13","RRSAC4_2/19/2019_9:10",0,7.039571163,37.54437954,232.3058484,0,0,7.039571163,2.346523721,89.16790143,0,0,0,225.2662773,2.346523721,187.7218977,0,25.81176093,0,7.039571163,0,0,0,35.19785582,0,0,0,0,89.16790143,23.46523721,7.039571163,7.039571163,0,0,0,0,0,2.346523721,0,0,18.77218977,2.346523721,2.346523721,0,0,0,0,0,0,0,0,0,2019-02-19,"RRSAC4","09:10:00",8.133,114.9,169.2,110,0.08,91,10.73,7.2,79.13,2.3,1.06,10380,11021,2,NA,1.217606637,NA,NA,"treatment",1,23800,5435,1.01135172395,"2019"
"14","RRSAC3_2/19/2019_9:15",0,0,15.71336422,202.0289686,0,2.244766318,6.734298954,2.244766318,58.36392427,0,0,0,161.6231749,2.244766318,121.2173812,0,26.93719581,0,4.489532635,0,0,0,31.42672845,2.244766318,0,0,2.244766318,47.14009268,6.734298954,4.489532635,8.979065271,4.489532635,0,0,0,0,0,0,0,4.489532635,6.734298954,0,0,0,0,0,0,0,0,0,0,2019-02-19,"RRSAC3","09:15:00",8.109,116.2,171.2,111,0.08,91.2,10.76,7.24,81.65,2.46,1.06,11021,11593,1,NA,1.086538216,NA,NA,"treatment",0.5,23800,5435,0.722814754393,"2019"
"15","RRSAC2A_2/19/2019_9:20",0,0,111.1558332,747.7756055,0,0,40.42030301,20.2101515,565.8842421,0,0,0,990.2974237,80.84060603,959.9821963,0,101.0507575,0,0,0,0,0,111.1558332,20.2101515,0,0,0,414.3081058,20.2101515,0,10.10507575,0,0,0,0,0,0,0,0,0,0,0,0,0,0,0,0,0,0,0,0,2019-02-19,"RRSAC2A","09:20:00",8.095,128.9,189.3,123,0.09,90.9,10.73,7.17,89.76,2.64,1.12,11605,11220,3,NA,1.413716694,NA,NA,"treatment",0,23800,5435,4.19360643659,"2019"
"16","RRSAC2B_2/19/2019_9:35",0,4.795432654,19.18173062,234.9762001,0,19.18173062,0,0,177.4310083,0,0,0,450.7706696,19.18173062,460.3615349,0,71.93148982,0,9.59086531,0,0,0,19.18173062,4.795432654,0,0,0,81.52235513,0,0,9.59086531,0,0,0,0,0,0,0,0,0,4.795432654,14.38629797,0,0,4.795432654,0,0,0,0,0,0,2019-02-19,"RRSAC2B","09:35:00",8.091,127.9,188.9,123,0.09,90.8,10.72,7.25,79.93,2.77,1.08,12224,12723,2,NA,0.947871625,NA,NA,"treatment",0,23800,5435,1.606469939536,"2019"
"17","RRSAC1_2/19/2019_10:15",0,0,10.14340264,50.71701319,0,0,0,0,2.028680527,0,0,0,6.086041582,1.014340264,12.17208316,0,4.057361055,0,0,0,0,0,3.043020791,2.028680527,0,0,1.014340264,13.18642343,6.086041582,0,8.11472211,0,0,0,2.028680527,0,1.014340264,0,1.014340264,2.028680527,2.028680527,0,0,0,0,0,0,0,0,0,0,2019-02-19,"RRSAC1","10:15:00",8.143,110.8,163.1,106,0.8,91.6,10.8,7.5,86.31,2.22,1.05,12726,13245,1,NA,0.985862472,NA,NA,"control",-0.3,23800,5435,0.127806873231,"2019"
"18","RRSAC2A_4/30/2019_10:15",0,11.53467566,23.06935131,582.5011205,0,0,11.53467566,0,11.53467566,0,0,0,103.8120809,0,380.6442966,0,34.60402697,0,11.53467566,0,0,0,51.90604045,0,0,0,0,34.60402697,0,0,0,0,0,0,0,0,0,0,0,0,0,0,0,0,0,0,0,0,0,0,0,2019-04-30,"RRSAC2A","10:15:00",18.782,149.4,169.4,110,0.08,91.9,8.55,7.65,19.85,3.56,0.2,15740,16392,NA,NA,1.238501603,NA,NA,"treatment",0,12200,5435,1.25727964634,"2019"
"19","RRSAC4_2/26/2019_9:50",0,2.623468091,27.10917027,60.33976609,0,0,0.874489364,1.748978727,36.72855327,0,5.246936181,0,61.21425545,9.619382999,14.86631918,0,4.372446818,0,0,0,0,0,6.995914908,0.874489364,0,0,0,12.24285109,2.623468091,0,6.121425545,0,0,0,0,0,0,0,0,2.623468091,6.995914908,0,0,0,0.874489364,0,0.874489364,0,0,0,0,2019-02-26,"RRSAC4","09:50:00",9.315,155.3,221.4,144,0.11,92.3,10.57,7.52,27.05,2.09,0.72,23569,24171,2,NA,1.143524486,NA,NA,"treatment",1,15600,5435,0.264970277165,"2019"
"20","RRSAC3_2/26/2019_10:00",0,9.576036321,23.94009081,126.8824813,0,0,7.182027242,7.182027242,67.03225426,0,0,0,220.2488355,21.54608173,90.97234509,0,28.72810897,0,0,0,0,0,28.72810897,0,0,0,2.394009081,16.75806356,0,2.394009081,0,0,0,0,0,0,0,0,0,2.394009081,2.394009081,0,0,0,0,0,0,0,0,0,0,2019-02-26,"RRSAC3","10:00:00",9.322,156.4,222.9,145,0.11,92.7,10.61,7.48,28.8,2.04,0.69,24179,24912,2,NA,1.392364532,NA,NA,"treatment",0.5,15600,5435,0.658352497319,"2019"
"21","RRSAC2A_2/26/2019_10:10",0,0,141.7072939,566.8291756,0,0,35.42682348,0,283.4145878,0,0,0,1859.908233,88.56705869,743.963293,0,407.40847,0,35.42682348,0,0,0,70.85364695,0,0,0,0,88.56705869,0,0,0,0,0,0,0,0,17.71341174,0,0,0,0,0,0,0,0,0,0,0,0,0,0,2019-02-26,"RRSAC2A","10:10:00",9.488,209.6,298.3,194,0.14,91.6,10.46,7.49,39.74,2.65,0.78,24915,25658,3,NA,1.411359955,NA,NA,"treatment",0,15600,5435,4.33978587633,"2019"
"22","RRSAC2B_2/26/2019_10:30",0,0,40.50597052,526.5776167,0,13.50199018,27.00398035,13.50199018,567.0835873,0,0,0,1458.214939,54.00796069,1228.681106,0,418.5616954,0,54.00796069,0,0,0,94.51393121,0,0,0,0,108.0159214,40.50597052,0,40.50597052,0,0,0,0,0,13.50199018,0,0,0,0,0,0,0,0,0,0,0,0,0,0,2019-02-26,"RRSAC2B","10:30:00",9.56,223.9,318.8,208,0.15,92,10.48,7.54,51.53,2.8,0.82,25650,26207,4,NA,1.058045081,NA,NA,"treatment",0,15600,5435,4.69869258084,"2019"
"23","RRSAC1_2/26/2019_10:40",0,1.775523092,4.438807731,39.06150803,0,0,2.663284638,1.775523092,5.326569277,0,0,0,24.85732329,0,7.102092369,0,5.326569277,0,0,0,0,0,0.887761546,0,0,0,0,7.102092369,0,0,1.775523092,0,0,0,0,0,0,0,0,0,0,0.887761546,0,0,5.326569277,0,0,0,0,0,0,2019-02-26,"RRSAC1","10:40:00",9.308,144.9,206,134,0.1,92,10.55,7.34,29.32,1.79,0.7,26207,26800,1,NA,1.126428605,NA,NA,"control",-0.3,15600,5435,0.108306908626,"2019"
"24","RRSAC2A_5/7/2019_10:15",0,33.00991413,47.15702018,358.3933534,0,0,14.14710605,0,4.715702018,0,0,0,132.0396565,4.715702018,919.5618934,0,42.44131816,0,0,0,0,0,9.431404033,0,0,0,0,18.86280807,0,0,0,0,0,0,4.715702018,0,0,0,0,4.715702018,0,0,0,4.715702018,0,0,0,0,0,0,0,2019-05-07,"RRSAC2A","10:15:00",18.686,220.3,250.6,163,0.12,93.8,8.75,7.67,21.63,6.17,0.34,36373,26849,1,NA,1.413716694,NA,NA,"treatment",0,9190,5435,1.598622984013,"2019"
"25","RRSAC1_3/6/2019_8:40",0,11.7149952,6.589684801,56.37841441,0,0,1.4643744,1.4643744,0.7321872,0,0,0,7.321872001,0.7321872,3.660936,0,0.7321872,0,1.4643744,0,0,0,1.4643744,0,0,0,0,10.982808,2.9287488,0,2.9287488,0,0,0.7321872,0,0,0.7321872,0,0,0,2.9287488,0,1.4643744,0,0,0,0,0,0,0,0,2019-03-06,"RRSAC1","08:40:00",10.4,107.1,147.5,96,0.07,92.5,10.32,7.39,91.6,2.16,0.98,41191,41910,1,NA,1.365770939,NA,NA,"control",-0.3,27000,5435,0.116417764812,"2019"
"26","RRSAC2B_3/6/2019_8:50",0,10.53939133,36.88786965,184.4393482,0,0,5.269695665,0,526.9695665,0,0,0,484.8120011,0,100.1242176,0,310.9120442,0,36.88786965,0,0,0,10.53939133,0,0,0,0,31.61817399,0,0,0,0,0,0,0,0,0,0,0,0,0,0,0,0,0,0,0,0,0,0,0,2019-03-06,"RRSAC2B","08:50:00",10.557,130.4,179.8,117,0.09,92,10.24,7.3,82.47,2.73,0.89,42049,42715,4,NA,1.265095196,NA,NA,"treatment",0,27000,5435,1.738999569215,"2019"
"27","RRSAC2A_3/6/2019_9:00",0,0,115.4479379,493.2775529,0,0,0,0,1175.469913,0,0,0,314.8580125,20.99053416,104.9526708,0,146.9337391,0,0,0,0,0,52.47633541,0,0,0,0,73.4668696,0,0,10.49526708,0,0,0,0,0,0,0,0,0,0,0,0,0,10.49526708,0,0,0,0,0,0,2019-03-06,"RRSAC2A","09:00:00",10.777,160.4,228,149,0.11,91,10.06,7.43,150.65,3.45,1.03,42723,43559,5,NA,1.588017393,NA,NA,"treatment",0,27000,5435,2.51886409953,"2019"
"28","RRSAC3_3/6/2019_9:20",0,12.24997316,12.24997316,139.3434448,0,4.593739938,7.656233229,4.593739938,131.6872115,0,1.531246646,0,124.0309783,9.187479875,38.28116615,0,113.3122518,0,13.78121981,0,0,0,30.62493292,0,0,0,0,36.7499195,0,1.531246646,0,0,0,0,0,0,0,0,0,0,0,0,0,0,0,0,0,0,0,0,0,2019-03-06,"RRSAC3","09:20:00",10.444,114.6,158.5,103,0.08,92.4,10.32,7.4,101.46,2.55,0.82,43562,44135,2,NA,1.088437758,NA,NA,"treatment",0.5,27000,5435,0.681404757372,"2019"
"29","RRSAC4_3/6/2019_9:30",0,8.964539751,31.37588913,188.2553348,0,2.241134937,4.482269875,0,224.1134937,0,0,0,62.75177825,11.20567469,31.37588913,0,64.99291319,0,4.482269875,0,0,0,4.482269875,6.723404813,0,0,0,20.17021444,0,0,4.482269875,0,0,0,0,0,0,0,0,0,0,0,0,0,4.482269875,0,2.241134937,0,0,0,0,2019-03-06,"RRSAC4","09:30:00",10.466,112,145.9,101,0.07,92.4,10.32,7.27,110.21,2.29,0.85,44145,44667,2,NA,0.991561099,NA,NA,"treatment",1,27000,5435,0.676822751143,"2019"
"30","RRSAC4_3/10/2019_11:35",0,1.837495975,0.918747988,84.52481485,0,0,0,0,31.23743158,0,8.268731888,0,6.431235913,0,7.3499839,0,18.37495975,0,7.3499839,0,0,0,1.837495975,0,0.918747988,0,0,0.918747988,0,0,0,0,0,0,1.837495975,0,0,0,0,0,0,0,0,0,0,0,0,0,0,0.918747988,0,2019-03-10,"RRSAC4","11:35:00",10.098,100.8,140.7,91,0.07,90.6,10.2,7.23,64.1,1.81,0.8,47765,48338,2,NA,1.088437758,NA,NA,"treatment",1,27500,5435,0.172724621658,"2019"
"31","RRSAC3_3/10/2019_11:45",0,1.47877134,2.957542679,34.75112648,0,0.73938567,1.47877134,0,11.09078505,0,0,0,14.7877134,0,14.04832773,0,11.83017072,0,1.47877134,0,0,0,1.47877134,0,0,0.73938567,0.73938567,8.133242367,0,0,0,0,0,0.73938567,0,0,0,0,0,0,0,0,0,0,1.47877134,0,2.957542679,0,0,0,0,2019-03-10,"RRSAC3","11:45:00",10.083,100.1,139.7,91,0.07,90.7,10.21,7.2,53.7,2,0.77,48337,49049,1,NA,1.352474143,NA,NA,"treatment",0.5,27500,5435,0.110907850485,"2019"
"32","RRSAC2A_3/10/2019_11:55",0,0,13.55064599,45.39466408,0,0,0,0.6775323,27.10129199,0,0,0,44.71713178,4.065193798,15.58324289,0,50.13739018,0,4.742726098,0,0,0,2.032596899,0,0,0,1.355064599,4.065193798,0.6775323,0,0.6775323,0,0,0,0,0,0,0,0,1.355064599,2.032596899,0,1.355064599,0,0,0,0.6775323,0,0,0,0,2019-03-10,"RRSAC2A","11:55:00",10.068,92.7,136.2,88,0.06,90.9,10.22,7.23,66.12,1.97,0.81,49057,49834,2,NA,1.475944395,NA,NA,"treatment",0,27500,5435,0.220197997399,"2019"
"33","RRSAC2B_3/10/2019_12:20",0,15.94908823,24.53705881,132.5001176,0,0,9.814823527,2.453705881,33.1250294,0,0,0,26.9907647,6.134264704,34.35188234,1.226852941,100.6019411,0,11.04167647,0,0,0,14.72223529,0,0,0,0,8.587970585,1.226852941,0,0,0,0,1.226852941,1.226852941,0,0,0,0,9.814823527,2.453705881,0,0,4.907411763,0,0,0,0,0,0,0,2019-03-10,"RRSAC2B","12:20:00",10.103,107.5,150,98,0.07,91.1,10.25,7.63,62.25,2.01,0.78,49839,50452,2,NA,1.164419452,NA,NA,"treatment",0,27500,5435,0.442893911572,"2019"
"34","RRSAC1_3/10/2019_12:30",0,0.960661673,1.921323346,27.85918852,0,0,3.842646692,0,2.881985019,0,0,0,4.803308366,0,1.921323346,0,0,0,0,0,0,0,2.881985019,0,0,0,0.960661673,4.803308366,0.960661673,0,0.960661673,0,0,0,0,0,0,0,0,0,2.881985019,0,0,0,0.960661673,0,0,0,0,0,0,2019-03-10,"RRSAC1","12:30:00",10.104,95.6,133.5,87,0.06,91.4,10.29,7.42,75.73,1.76,0.83,50464,51012,1,NA,1.0409492,NA,NA,"control",-0.3,27500,5435,0.058600362058,"2019"
"35","RRSAC1_1/2/2019_14:15",0,1.817826647,30.90305299,127.2478653,0,7.271306587,7.271306587,0,34.53870629,0,0,0,0,185.418318,105.4339455,0,149.061785,0,10.90695988,0,0,0,18.17826647,0,0,1.817826647,0,52.71697275,1.817826647,0,1.817826647,0,1.817826647,0,1.817826647,0,7.271306587,0,0,0,3.635653293,0,0,0,1.817826647,0,0,0,0,0,0,2019-01-02,"RRSAC1","14:15:00",7.522,129.2,193.6,126,0.09,94.7,11.33,7.68,4.2,1.97,0.79,57583,58307,1,NA,1.375268651,NA,NA,"control",-0.3,5940,5435,0.752580231763,"2019"
"36","RRSAC2_1/2/2019_14:30",0,0,16.87316016,227.7876621,0,0,16.87316016,4.218290039,63.27435058,0,4.218290039,0,168.7316016,4.218290039,113.8938311,0,143.4218613,0,12.65487012,0,0,0,12.65487012,0,12.65487012,4.218290039,0,438.702164,0,0,0,0,0,0,4.218290039,0,0,0,0,0,0,0,0,0,0,0,0,0,0,0,0,2019-01-02,"RRSAC2","14:30:00",7.435,146.6,220.3,143,0.11,95.6,11.47,7.61,7.08,2.18,0.87,58313,59145,1,NA,1.580419223,NA,NA,"treatment",0,5940,5435,1.248613851555,"2019"
"37","RRSAC1_1/8/2019_9:50",0,2.264269234,4.528538467,203.784231,0,0,0,2.264269234,20.3784231,0,0,0,43.02111545,0,11.32134617,0,27.17123081,0,9.057076938,0,0,0,56.60673085,0,0,0,0,27.17123081,0,6.792807701,0,0,0,2.264269234,9.057076938,0,4.528538467,0,0,2.264269234,15.84988464,0,0,0,0,0,0,0,0,0,0,2019-01-08,"RRSAC1","09:50:00",8.384,115.2,168.6,110,0.08,93.8,11,7.43,18.88,3.15,0.85,71008,71628,1,NA,1.177716248,NA,NA,"control",-0.3,17000,5435,0.448325308277,"2019"
"38","RRSAC2_1/8/2019_10:20",0,0,65.66641488,358.6396505,0,15.15378805,60.6151522,10.10252537,0,0,0,0,237.4093461,5.051262684,106.0765164,0,90.9227283,0,30.3075761,0,0,0,30.3075761,0,0,0,0,601.1002593,0,0,0,0,0,0,0,0,0,0,0,0,10.10252537,0,0,0,0,0,0,0,0,0,0,2019-01-08,"RRSAC2","10:20:00",8.582,161.7,235.3,153,0.11,91.5,10.67,7.52,33.76,4.63,0.91,71626,72205,2,NA,1.099835012,NA,NA,"treatment",0,17000,5435,1.621455321354,"2019"
"39","RRSAC4_3/20/2019_8:35",0,9.524454877,8.658595343,268.4164556,0,4.329297672,6.06101674,0.865859534,10.39031441,0,0,0,11.25617395,0,6.06101674,0,16.45133115,0,2.597578603,0,0,0,6.06101674,0,0,0.865859534,0,57.14672926,0,0,1.731719069,0,0,1.731719069,0,0,0,0.865859534,0,0,1.731719069,0,0,0,0,0,0.865859534,0,0,0,0,2019-03-20,"RRSAC4","08:35:00",11.915,127.2,169.3,110,0.08,93.6,10.1,7.23,37.9,3.33,0.71,76443,77051,1,NA,1.15492174,NA,NA,"treatment",1,24500,5435,0.415612576428,"2019"
"40","RRSAC3_3/20/2019_8:45",2.374929008,11.87464504,39.58215014,215.7227183,0,2.374929008,15.83286006,0.791643003,17.41614606,0,0,0,10.29135904,2.374929008,12.66628804,0,8.708073031,0,1.583286006,0,0,0,10.29135904,0,0,0,0,44.33200816,3.166572011,0,0.791643003,0.791643003,0,0,0,0,0,0,0,0,4.749858017,0,0,0,0,0,0,0,0,0,0,2019-03-20,"RRSAC3","08:45:00",11.912,128.9,171,111,0.08,94,10.14,7.23,29.45,2.13,0.68,77046,77711,1,NA,1.263195653,NA,NA,"treatment",0.5,24500,5435,0.405717038978,"2019"
"41","RRSAC2A_3/20/2019_8:55",5.857497601,5.857497601,20.5012416,360.2361024,0,0,5.857497601,0,11.7149952,0,0,0,17.5724928,0,222.5849088,0,73.21872001,0,2.9287488,0,0,0,14.643744,0,0,0,0,536.93728,2.9287488,0,8.786246401,0,0,0,0,0,5.857497601,0,0,0,0,0,0,0,0,0,0,0,0,0,0,2019-03-20,"RRSAC2A","08:55:00",12.204,172.4,228.5,148,0.11,94.3,10.1,7.28,26.86,2.99,0.73,77712,78431,1,NA,1.365770939,NA,NA,"treatment",0,24500,5435,1.295483219215,"2019"
"42","RRSAC2B_3/20/2019_9:15",0,5.449716324,6.812145404,212.5389366,0,0,10.89943264,0,6.812145404,0,0,0,25.88615254,0,40.87287243,0,117.1689009,0,21.7988653,0,0,0,6.812145404,25.88615254,0,0,0,588.569363,1.362429081,0,4.087287243,0,0,0,0,0,0,0,0,0,0,6.812145404,0,0,0,0,0,0,0,0,0,2019-03-20,"RRSAC2B","09:15:00",12.181,168.2,222.4,145,0.11,93.2,9.99,7.76,25.23,2.93,0.65,78432,79076,1,NA,1.223305264,NA,NA,"treatment",0,24500,5435,1.081768690214,"2019"
"43","RRSAC1_3/20/2019_9:25",0,9.591059454,12.78807927,206.9774313,0,0,13.85375255,0,13.85375255,0,0,0,23.44481201,0,1.065673273,0,3.197019819,0,0,0,0,0,5.328366365,0,0,0,0,18.11644564,0,3.197019819,4.262693092,0,0,1.065673273,0,0,1.065673273,0,0,0,1.065673273,1.065673273,0,0,0,0,0,0,0,0,0,2019-03-20,"RRSAC1","09:25:00",11.872,123.1,164.1,107,0.08,93.8,10.13,7.42,24.72,1.82,0.64,79077,79727,1,NA,1.234702518,NA,NA,"control",-0.3,24500,5435,0.319938798234,"2019"
"44","RRSAC2_1/15/2019_14:30",0,0,129.3868134,533.7206051,0,10.78223444,32.34670334,5.391117224,156.3423995,0,0,0,371.9870884,32.34670334,145.560165,0,86.2578756,0,16.17335167,0,0,37.73782057,53.91117224,0,0,0,0,636.1518324,5.391117224,0,21.5644689,0,5.391117224,0,0,0,5.391117224,0,0,0,5.391117224,0,0,0,0,0,0,0,0,0,0,2019-01-15,"RRSAC2","14:30:00",10.018,271.4,279.9,247,0.18,86.8,9.78,7.45,35.77,3.52,0.89,81725,82376,2,NA,1.23660206,NA,NA,"treatment",0,10700,5435,2.29122482002,"2019"
"45","RRSAC1_1/15/2019_14:55",0,1.979107507,5.937322521,93.01805283,0,0.989553754,3.958215014,0,6.926876275,0,0,0,32.65527387,0,10.88509129,0,18.80152132,0,4.947768768,0,0,0,8.905983782,0,0,0,0,16.82241381,0,0,3.958215014,0,0,0,0,0,0.989553754,1.979107507,0,0,0,0.989553754,0,0,2.968661261,0,0.989553754,0,0,0,0,2019-01-15,"RRSAC1","14:55:00",9.994,113.5,158.4,103,0.07,88.7,10.01,7.28,21.56,2.63,0.79,82398,83063,1,NA,1.263195653,NA,NA,"control",-0.3,10700,5435,0.217701825785,"2019"
"46","RRSAC2_1/29/2019_12:40",6.605302345,6.605302345,79.26362813,653.9249321,0,0,39.63181407,26.42120938,99.07953517,0,0,0,165.1325586,39.63181407,284.0280008,0,118.8954422,0,6.605302345,0,0,0,26.42120938,0,0,0,0,178.3431633,0,0,19.81590703,0,0,0,0,0,0,0,0,0,13.21060469,0,0,0,0,0,0,0,0,0,0,2019-01-29,"RRSAC2","12:40:00",10.751,180.7,248.8,162,0.12,88.7,9.82,7.46,35.59,2.2,0.56,87885,88682,2,NA,1.513935241,NA,NA,"treatment",0,12300,5435,1.763615725955,"2019"
"47","RRSAC1_1/29/2019_12:45",0,4.126534171,12.37960251,98.00518655,0,1.031633543,9.284701887,0,39.20207463,0,0,0,22.69593794,0,19.60103731,0,53.64494423,0,3.094900628,0,0,0,16.50613669,0,0,0,0,7.221434799,2.063267085,0,0,0,0,0,0,0,0,0,1.031633543,0,9.284701887,0,0,0,0,0,0,0,0,0,0,2019-01-29,"RRSAC1","12:45:00",10.6,129.4,178.3,116,0.08,90,10,7.35,21.49,1.44,0.54,88688,89417,1,NA,1.384766363,NA,NA,"control",-0.3,12300,5435,0.299173727403,"2019"
"48","RRSAC4_3/27/2019_8:00",0,8.504726928,10.20567231,204.1134463,0,5.102836157,13.60756309,0.850472693,13.60756309,0,0,0,63.78545196,0,6.803781543,0,11.9066177,0,0.850472693,0,0,0,4.252363464,0,0,0,0,13.60756309,3.401890771,1.700945386,0,0,0,1.700945386,0,0,0,0,0,0,0,0,0,0,0,0,0,0,0,0,0,2019-03-27,"RRSAC4","08:00:00",11.709,132.5,177.4,225,0.08,93.3,10.12,7.44,21.82,2.45,0.62,92454,93073,1,NA,1.175816706,NA,NA,"treatment",1,24200,5435,0.364002312561,"2019"
"49","RRSAC3_3/27/2019_8:10",0,7.019234625,7.896638953,71.06975058,0,0.877404328,11.40625627,0.877404328,10.52885194,0,0.877404328,0,19.30289522,0,3.509617312,0,2.632212984,0,2.632212984,0,0,0,2.632212984,1.754808656,0,0,0.877404328,5.264425969,0.877404328,0.877404328,2.632212984,0,0,0,0,0,0.877404328,0,0,0,0,0,0,0,0,0,0,0,0,0,0,2019-03-27,"RRSAC3","08:10:00",11.732,133.4,178.4,116,0.08,93.6,10.14,7.38,23.64,2.36,0.61,93075,93675,1,NA,1.139725401,NA,NA,"treatment",0.5,24200,5435,0.154423161757,"2019"
"50","RRSAC2A_3/27/2019_8:20",0,3.831459948,8.429211886,62.83594315,0,3.065167958,5.364043927,0,9.961795865,0,0,0,18.39100775,0,6.130335917,0,3.065167958,0,0.76629199,0,0,0,0.76629199,0,0,0,0,5.364043927,1.532583979,0.76629199,1.532583979,0,0,0,0,0,0,0,0,0,0,0,0,0,0,0,0,0,0,0,0,2019-03-27,"RRSAC2A","08:20:00",11.733,131.5,175.7,114,0.08,93.6,10.15,7.2,21.6,2.23,0.63,93674,94361,1,NA,1.304985585,NA,NA,"treatment",0,24200,5435,0.131802222214,"2019"
"51","RRSAC2B_3/27/2019_8:40",0,5.678117378,8.922755879,87.60523954,0,2.433478876,7.300436628,4.866957752,7.300436628,0,0,0,8.922755879,0,19.46783101,0,21.90130988,0,0.811159625,0,0,0,5.678117378,0,0,0,0.811159625,10.54507513,3.244638501,0,0,0,0,0,0,0,0,0.811159625,0,0.811159625,0.811159625,0,0,0,0,0,0,0,0,0,0,2019-03-27,"RRSAC2B","08:40:00",11.872,149.4,199.1,129,0.09,93.2,10.06,7.73,20.55,2.53,0.6,94360,95009,1,NA,1.232802976,NA,NA,"treatment",0,24200,5435,0.197922948584,"2019"
"52","RRSAC1_3/27/2019_8:55",0,2.645440185,7.054507161,82.89045914,0,0.881813395,5.29088037,0,5.29088037,0,0,0,10.58176074,0,5.29088037,0,2.645440185,0,1.76362679,0,0,0,0,0,0,0.881813395,0,13.22720093,0,0.881813395,4.409066975,0,0,0,0,0,0,0,0,0,0.881813395,0,0,0,0,0,0,0,0,0,0,2019-03-27,"RRSAC1","08:55:00",11.761,128.6,171.9,112,0.08,93.7,10.14,7.33,22.01,1.61,0.61,95024,95621,1,NA,1.134026774,NA,NA,"control",-0.3,24200,5435,0.144617396796,"2019"
"53","RRSAC4_4/3/2019_8:00",0,8.012824914,12.01923737,86.53850907,0,0,2.403847474,0,14.42308485,0,0,0,6.410259931,0,4.807694949,0,2.403847474,0,0,0,0,0,1.602564983,0,0,0,0,4.006412457,1.602564983,0,0,0,0,0.801282491,0,0,0,0,0,0.801282491,3.205129966,0,0,0,0,0,0,0,0,0,0,2019-04-03,"RRSAC4","08:00:00",13.059,134.9,174.6,113,0.08,95.2,9.91,7.39,22.34,1.78,0.47,106883,107540,1,NA,1.247999314,NA,NA,"treatment",1,24700,5435,0.149038543403,"2019"
"54","RRSAC3_4/3/2019_8:10",0,6.892865425,11.20090632,74.9599115,0,1.723216356,6.031257247,0,1.723216356,0,0,0,6.892865425,0,1.723216356,0,1.723216356,0,0,0,0,0,0.861608178,0.861608178,0,0,0,0,0,0,1.723216356,0,0,0.861608178,0,0,0,0,0,0,1.723216356,0,0,0,0.861608178,0,0,0,0,0,0,2019-04-03,"RRSAC3","08:10:00",13.073,136.1,176.1,114,0.08,94.1,9.89,7.37,27.85,1.99,0.51,107546,108157,1,NA,1.160620367,NA,NA,"treatment",0.5,24700,5435,0.119763536765,"2019"
"55","RRSAC2A_4/3/2019_8:25",0,14.1643748,19.67274278,275.418399,0,0.786909711,11.80364567,1.573819423,15.73819423,0,0,0.786909711,5.508367979,0.786909711,18.09892336,0,26.75493018,0,3.147638845,0,0,0,0,0.786909711,0,0,0,16.52510394,0.786909711,0,0.786909711,0,0,0,0,0,0.786909711,0,0,1.573819423,3.147638845,0,0,0,0,0,0,0,0,0,0,2019-04-03,"RRSAC2A","08:25:00",13.309,185.4,188.9,156,0.11,92.8,9.71,7.41,27.19,2.18,0.5,108149,108818,1,NA,1.270793823,NA,NA,"treatment",0,24700,5435,0.418635966452,"2019"
"56","RRSAC2B_4/3/2019_8:45",0,5.706694817,5.706694817,276.7746986,0,17.12008445,0,14.26673705,28.53347408,0,0,0,8.560042225,0,22.82677927,0,88.45376963,0,11.41338963,0,0,0,39.94686372,0,0,2.853347408,0,0,2.853347408,17.12008445,2.853347408,0,0,0,0,0,0,0,0,2.853347408,0,28.53347408,0,0,0,0,0,0,0,0,0,2019-04-03,"RRSAC2B","08:45:00",13.264,175.4,225.9,147,0.11,63,9.74,7.64,25.22,2.07,0.39,108814,109429,1,NA,1.168218536,NA,NA,"treatment",0,24700,5435,0.576376176451,"2019"
"57","RRSAC1_4/3/2019_9:00",0,7.961324716,10.94682148,181.8090981,0,0,2.985496769,0,5.970993537,0,0,0,6.966159127,0,3.980662358,0,2.985496769,0,0,0,0,0,3.980662358,0,0,0,0.99516559,0.99516559,0,0,0,0,0,0.99516559,0,0,0,0,0,0,0,0,0,0,0,0,0.99516559,0,0,0,0,2019-04-03,"RRSAC1","09:00:00",13.047,130,168.2,109,0.08,94.1,9.89,7.47,24.38,1.62,0.46,109420,109949,1,NA,1.004857896,NA,NA,"control",-0.3,24700,5435,0.231567377574,"2019"
"58","RRSAC1_4/8/2019_10:35",0,5.18662657,27.66200837,191.9051831,0,0,2.593313285,1.728875523,6.915502093,0,0,0,9.508815378,0,7.779939855,0,2.593313285,0,0,0,0,0,1.728875523,0,0,0,0,4.322188808,3.457751047,0.864437762,2.593313285,0,0,0.864437762,0,0,0,0.864437762,0,1.728875523,6.051064332,0.864437762,1.728875523,0,0,0,3.457751047,0,0,0,0,2019-04-08,"RRSAC1","10:35:00",12.026,99.2,131.8,86,0.06,96.2,10.37,7.76,88.9,2.19,0.56,117410,118019,1,NA,1.156821282,NA,NA,"control",-0.3,26100,5435,0.284400023595,"2019"
"59","RRSAC2B_4/8/2019_10:45",0,2.332832778,10.88655296,83.98198,0,0.777610926,0.777610926,1.555221852,0,0,0,0,7.776109259,0,21.77310593,0,4.665665556,0,0,0,0,0,0,0,0,0.777610926,0,6.220887408,0.777610926,0,1.555221852,0,0,0,0,0,0,0,0,0,0,0.777610926,0,0,0,0,0.777610926,0,0,0,0,2019-04-08,"RRSAC2B","10:45:00",12.518,144.9,190,123,0.09,95.6,10.18,7.39,69.36,2.48,0.56,118024,118701,1,NA,1.285990161,NA,NA,"treatment",0,26100,5435,0.145413243151,"2019"
"60","RRSAC2A_4/8/2019_10:55",0,5.182979153,19.99149102,190.3951525,0,0,2.961702373,1.480851187,2.22127678,0,0,0,2.22127678,0.740425593,16.28936305,0,1.480851187,0,0,0,0,0,0.740425593,0,0,0,0,4.44255356,10.36595831,0,1.480851187,0,0,0.740425593,0,0,0,0.740425593,0,0,5.923404747,0.740425593,1.480851187,1.480851187,1.480851187,0,0,0,0,0,0,2019-04-08,"RRSAC2A","10:55:00",12.356,126.3,168.9,111,0.08,96,10.25,7.4,80.81,2.18,0.54,118713,119424,1,NA,1.350574601,NA,NA,"treatment",0,26100,5435,0.27258239336,"2019"
"61","RRSAC3_4/8/2019_11:10",0,6.34268189,20.61371614,104.6542512,0,3.171340945,7.928352362,0.792835236,0,0,0,0,10.30685807,0,3.964176181,0,0,0,0,0,0,0,1.585670472,0,0,0,0.792835236,0.792835236,0,0,0.792835236,0,0,0,0,0,0,0,0,1.585670472,1.585670472,0,0,0,0,0,0,0,0,0,0,2019-04-08,"RRSAC3","11:10:00",12.38,105.5,139,90,0.07,96.8,10.35,7.46,81.96,2.07,0.55,119427,120091,1,NA,1.261296111,NA,NA,"treatment",0.5,26100,5435,0.164909729148,"2019"
"62","RRSAC4_4/8/2019_11:20",0,6.590830634,25.53946871,118.6349514,0,0,3.295415317,0,0,0,0,0,9.062392121,0.823853829,9.062392121,0,0.823853829,0,0,0,0,0,0.823853829,0,0,0,0,5.766976804,2.471561488,0,1.647707658,0,0,0,0,0,0,0,0,0,4.119269146,0,1.647707658,0,0,0,0,0,0,0,0,2019-04-08,"RRSAC4","11:20:00",12.662,105.6,138.4,90,0.07,96.8,10.27,7.4,80.46,1.92,0.52,120094,120733,1,NA,1.213807552,NA,NA,"treatment",1,26100,5435,0.190310234544,"2019"
"63","RRSAC2A_4/15/2019_10:15",0,9.148291573,13.30660592,294.0522291,0,0,1.66332574,2.494988611,1.66332574,0,0,0,12.47494305,0,14.96993166,0,3.326651481,0,0.83166287,0,0,0,0.83166287,0,0,0,0,5.821640092,0.83166287,0.83166287,0,0,0,0,0,0,0,0,0,0,0,0.83166287,0,0,0,0,0,0,0,0,0,2019-04-15,"RRSAC2A","10:15:00",12.571,125.8,164.7,107,0.08,96.3,10.23,7.53,27.68,1.43,0.42,131979,132612,1,NA,1.202410298,NA,NA,"treatment",0,26400,5435,0.363080247317,"2019"
"64","RRSAC2_1/19/2021_7:50",0,3.733635438,26.13544807,339.7608249,0,0,0,3.733635438,59.73816702,0,0,0,63.47180246,11.20090632,22.40181263,3.733635438,194.1490428,0,11.20090632,0,3.733635438,0,22.40181263,3.733635438,0,0,0,33.60271895,52.27089615,0,22.40181263,14.93454175,0,3.733635438,0,0,11.20090632,0,0,0,0,0,0,0,0,0,0,0,0,0,0,2021-01-19,"RRSAC2","07:50:00",10.678,177.6,243.4,158,0.12,96.7,10.73,7.9,8.75,3,0.67,296031,296501,3,NA,0.892784898,0,0,"treatment",0,4540,8775,0.907273411578,"2021"
"65","RRSAC1_1/26/2021_8:10",0,1.495150801,8.970904803,142.039326,0,2.990301601,8.970904803,1.495150801,35.88361922,0,4.485452402,0,22.42726201,4.485452402,44.85452402,0,86.71874643,0,38.87392081,0,0,0,1.495150801,0,0,0,0,11.96120641,0,1.495150801,11.96120641,20.93211121,0,10.4660556,20.93211121,0,8.970904803,0,2.990301601,0,0,0,0,0,0,0,0,0,0,0,0,2021-01-26,"RRSAC1","08:10:00",8.531,141.8,206.7,134,0.1,97.8,11.41,7.97,2.57,2.77,0.87,326303,326806,1,NA,0.955469795,5.980603202,0,"control",-0.3,4450,8775,0.494894914949,"2021"
"66","RRSAC2_1/5/2021_8:10",0,2.211479088,26.53774906,221.1479088,0,8.845916352,11.05739544,0,53.07549811,0,4.422958175,0,72.9788099,22.11479088,103.9395171,0,234.4167834,0,114.9969126,0,0,0,0,0,0,0,0,17.69183271,0,0,6.634437264,4.422958175,0,17.69183271,0,0,0,0,0,0,0,0,0,0,0,0,0,0,0,0,0,2021-01-05,"RRSAC2","08:10:00",9.721,147.8,208.4,135,0.1,95.6,10.85,7.76,5.65,2.45,0.74,234664,235193,1,NA,1.004857896,6.634437264,0,"treatment",0,4620,8775,0.922186779764,"2021"
"67","RRSAC2_3/15/2021_8:10",0,0,8.995943214,220.4006087,0,4.497971606,0,4.497971606,98.95537535,0,0,0,76.46551731,8.995943214,125.943205,0,305.8620693,0,40.48174446,0,0,0,0,0,0,0,0,463.2910755,0,0,8.995943214,4.497971606,0,8.995943214,8.995943214,0,0,0,0,0,0,0,0,0,0,0,0,0,0,0,0,2021-03-15,"RRSAC2","08:10:00",11.735,178.7,238.6,155.147,0.11,98.2,10.64,7.97,7.27,3.41,0.8,470791,471323,1,NA,1.010556523,0,0,"treatment",0,5110,8775,1.389873226508,"2021"
"68","RRSAC2_2/15/2021_7:35",0,3.896111582,7.792223162,190.9094675,0,0,11.68833474,7.792223162,31.16889265,0,0,0,31.16889265,0,23.37666949,7.792223162,350.6500423,0,35.06500423,0,0,0,42.85722739,3.896111582,0,0,0,50.64945056,46.75333898,19.4805579,23.37666949,23.37666949,0,3.896111582,11.68833474,0,27.27278107,0,0,11.68833474,0,0,0,0,0,0,0,0,0,0,0,2021-02-15,"RRSAC2","07:35:00",11.427,153.9,207.5,135,0.1,96.6,10.54,7.74,10.69,5.09,0.66,381308,381871,1,NA,1.069442335,0,0,"treatment",0,9260,8775,0.966235672152,"2021"
"69","RRSAC2_3/29/2021_8:15",3.494088028,38.43496831,3.494088028,377.361507,0,3.494088028,13.97635211,0,13.97635211,0,0,0,55.90540845,0,41.92905633,0,314.4679225,0,55.90540845,6.988176056,0,13.97635211,0,0,0,0,0,17.47044014,0,24.4586162,3.494088028,0,0,17.47044014,3.494088028,0,13.97635211,3.494088028,3.494088028,0,0,0,0,0,0,0,0,0,0,0,0,2021-03-29,"RRSAC2","08:15:00",15.341,168,205.9,133.791,0.1,100.4,10.04,8.09,8.2,5.85,0.41,512349,512914,1,NA,1.07324142,3.494088028,0,"treatment",0,5070,8775,1.030755968212,"2021"
"70","RRSAC4_3/15/2021_8:00",0,0,9.155523424,256.3546559,0,3.051841141,24.41472913,6.103682283,39.67393483,0,3.051841141,0,36.62209369,3.051841141,48.82945826,0,170.9031039,0,51.8812994,0,0,0,3.051841141,0,0,0,0,299.0804319,0,3.051841141,9.155523424,45.77761712,0,15.25920571,9.155523424,0,3.051841141,0,3.051841141,0,0,0,0,0,0,0,0,0,0,0,0,2021-03-15,"RRSAC4","08:00:00",11.663,157.4,210.9,137.099,0.1,97.9,10.62,7.96,3.55,2.88,0.81,470222,470797,1,NA,1.092236843,6.103682283,0,"treatment",1,5110,8775,1.043729670382,"2021"
"71","RRSAC2_3/1/2021_8:00",0,15.10162355,75.50811773,981.6055303,0,0,60.40649419,15.10162355,875.8941658,0,15.10162355,0,286.9308474,0,135.9146119,15.10162355,286.9308474,0,15.10162355,0,0,0,30.20324709,0,0,0,0,1827.29645,15.10162355,0,30.20324709,0,0,0,0,0,0,30.20324709,0,0,0,0,0,0,30.20324709,0,0,0,0,0,0,2021-03-01,"RRSAC2","08:00:00",10.994,200.7,273.1,177.035,0.13,103.3,11.39,8.16,8.6,4.99,0.83,425468,426049,4,NA,1.103634097,0,0,"treatment",0,4740,8775,4.74190979438,"2021"
"72","RRSAC6_3/22/2021_7:40",17.96732413,22.45915516,8.983662063,381.8056377,0,13.47549309,44.91831031,17.96732413,22.45915516,0,0,0,170.6895792,0,80.85295856,4.491831031,458.1667652,4.491831031,170.6895792,0,0,22.45915516,0,0,0,0,0,26.95098619,0,0,35.93464825,49.41014134,0,31.44281722,26.95098619,0,13.47549309,0,0,0,0,0,0,0,0,0,0,0,0,0,0,2021-03-22,"RRSAC6","07:40:00",12.743,140.5,183.4,119.25,0.09,100.7,10.66,7.72,6.49,4.64,0.67,489085,489671,1,NA,1.113131809,13.47549309,0,"treatment",3,8060,8775,1.626042833405,"2021"
"73","RRSAC6_3/8/2021_7:00",0,8.93790487,8.93790487,262.1785428,0,0,2.979301623,5.958603247,128.1099698,0,0,0,125.1306682,2.979301623,68.52393734,2.979301623,286.0129559,0,23.83441299,0,2.979301623,8.93790487,2.979301623,0,0,0,0,196.6339071,0,2.979301623,8.93790487,0,0,5.958603247,0,0,0,8.93790487,8.93790487,0,0,0,0,0,0,0,2.979301623,0,0,0,0,2021-03-08,"RRSAC6","07:00:00",12.778,169.8,221.2,143.814,0.11,98.8,10.45,8.12,5.14,4.63,0.85,447849,448438,2,NA,1.118830436,2.979301623,0,"treatment",3,5010,8775,1.176824141205,"2021"
"74","RRSAC4_3/22/2021_8:10",7.090135985,0,0,290.6955754,0,3.545067992,17.72533996,0,21.27040795,0,0,0,138.2576517,10.63520398,138.2576517,0,372.2321392,0,106.3520398,0,0,3.545067992,0,7.090135985,0,0,0,7.090135985,0,0,10.63520398,35.45067992,0,7.090135985,17.72533996,0,3.545067992,0,0,0,0,0,0,0,0,0,0,0,0,0,0,2021-03-22,"RRSAC4","08:10:00",12.708,140.1,182.9,118.845,0.09,100.8,10.68,7.77,9.01,6.42,0.73,490357,490951,2,NA,1.128328147,0,0,"treatment",1,8060,8775,1.198232981466,"2021"
"75","RRSAC5_3/1/2021_7:30",0,8.7886911,35.1547644,843.7143456,0,0,0,8.7886911,272.4494241,0,26.3660733,0,96.6756021,8.7886911,26.3660733,0,246.0833508,0,26.3660733,0,0,0,0,0,0,0,0,448.2232461,43.9434555,8.7886911,0,0,0,8.7886911,8.7886911,0,0,17.5773822,0,0,0,0,0,0,0,0,0,0,0,0,0,2021-03-01,"RRSAC5","07:30:00",10.841,167.1,228.7,148.671,0.11,102.5,11.34,8.11,5.21,4.83,0.84,424216,424815,3,NA,1.137825859,0,0,"treatment",2,4740,8775,2.1356519373,"2021"
"76","RRSAC2_2/22/2021_7:40",0,0,175.773822,1581.964398,0,0,0,131.8303665,556.6171029,0,0,0,234.365096,0,102.5347295,73.23909249,732.3909249,0,14.6478185,0,0,0,29.295637,0,0,0,0,615.208377,73.23909249,29.295637,43.9434555,14.6478185,0,14.6478185,14.6478185,0,14.6478185,0,14.6478185,29.295637,0,0,0,0,0,0,0,0,0,0,0,2021-02-22,"RRSAC2","07:40:00",10.696,NA,256.4,NA,0.12,101.3,11.24,7.9,13.9,4.12,NA,403954,404553,3,"using backup sonde with missing values",1.137825859,0,0,"treatment",0,6460,8775,4.49688027928,"2021"
"77","RRSAC2_1/15/2021_11:10",0,7.203648014,14.40729603,914.8632975,0,7.203648014,72.03648014,14.40729603,14.40729603,0,0,0,14.40729603,0,108.0547202,0,309.7568646,0,50.4255361,0,7.203648014,0,14.40729603,0,0,0,0,691.5502093,43.22188808,0,21.61094404,0,0,43.22188808,0,0,7.203648014,7.203648014,7.203648014,0,7.203648014,0,0,0,0,0,0,0,0,0,0,2021-01-15,"RRSAC2","11:10:00",10.594,222.9,308.7,201,0.15,98,10.9,7.8,12.23,2.82,0.72,275896,276505,2,NA,1.156821282,0,0,"treatment",0,4790,8775,2.377203844288,"2021"
"78","RRSAC6_2/15/2021_7:00",0,22.33798981,9.573424201,290.3938674,0,0,9.573424201,0,35.10255541,0,0,0,22.33798981,0,15.955707,3.191141401,271.247019,0,63.82282801,0,0,6.382282801,41.48483821,0,0,0,0,9.573424201,28.7202726,6.382282801,12.7645656,19.1468484,3.191141401,19.1468484,3.191141401,0,3.191141401,3.191141401,9.573424201,3.191141401,3.191141401,0,0,0,0,0,0,0,3.191141401,0,0,2021-02-15,"RRSAC6","07:00:00",11.507,154.4,207.7,135,0.1,97.4,10.61,7.71,11.31,5.37,0.67,379377,379988,1,NA,1.160620367,0,0,"treatment",3,9260,8775,0.919048723264,"2021"
"79","RRSAC5_2/15/2021_7:15",3.077172065,6.15434413,6.15434413,156.9357753,0,0,18.46303239,0,46.15758097,0,0,0,36.92606478,0,15.38586033,15.38586033,304.6400344,0,46.15758097,0,0,0,58.46626924,0,0,0,3.077172065,21.54020445,49.23475304,27.69454858,9.231516191,3.077172065,0,6.15434413,3.077172065,0,12.30868826,0,9.231516191,0,0,0,0,0,0,0,0,0,6.15434413,0,0,2021-02-15,"RRSAC5","07:15:00",11.314,153.4,207.5,135,0.1,96.6,10.57,7.71,8.43,6.1,0.89,379993,380604,1,NA,1.160620367,0,0,"treatment",2,9260,8775,0.864685350202,"2021"
"80","RRSAC6_1/12/2021_7:10",0,9.186411063,15.31068511,278.654469,0,0,9.186411063,3.062137022,48.99419235,0,3.062137022,0,58.18060342,0,45.93205533,12.24854809,303.1515652,0,21.43495916,0,0,3.062137022,18.37282213,0,0,0,0,73.49128853,39.80778129,3.062137022,9.186411063,18.37282213,0,21.43495916,0,0,12.24854809,3.062137022,3.062137022,0,0,0,0,0,0,0,0,0,0,0,0,2021-01-12,"RRSAC6","07:10:00",9.2,157.3,225.1,146,0.11,96.4,11.08,7.72,5.97,1.99,0.74,262955,263569,2,NA,1.166318994,0,0,"treatment",3,4790,8775,1.013567354311,"2021"
"81","RRSAC4_1/15/2021_11:00",0,2.853347408,17.12008445,256.8012668,0,11.41338963,14.26673705,11.41338963,25.68012668,0,0,0,34.2401689,0,22.82677927,0,111.2805489,0,14.26673705,0,0,0,14.26673705,0,0,0,0,165.4941497,48.50690595,2.853347408,0,11.41338963,0,19.97343186,0,0,0,2.853347408,2.853347408,2.853347408,2.853347408,0,0,2.853347408,0,0,0,0,0,0,0,2021-01-15,"RRSAC4","11:00:00",10.635,166.5,229.4,149,0.11,105,11.67,7.78,6.66,2.57,0.66,275278,275893,2,NA,1.168218536,0,0,"treatment",1,4790,8775,0.798937274406,"2021"
"82","RRSAC2_1/26/2021_8:00",2.844098308,2.844098308,11.37639323,143.6269645,0,2.844098308,2.844098308,1.422049154,27.01893393,0,1.422049154,0,11.37639323,1.422049154,38.39532716,0,56.88196617,0,41.23942547,0,0,5.688196617,8.532294925,2.844098308,0,0,0,1.422049154,0,0,2.844098308,5.688196617,0,2.844098308,1.422049154,0,5.688196617,0,0,0,0,0,0,0,0,0,0,0,0,0,0,2021-01-26,"RRSAC2","08:00:00",8.529,140.9,205.6,134,0.1,95.3,11.52,7.94,2.63,2.74,0.8,325678,326295,2,NA,1.172017621,0,0,"treatment",0,4450,8775,0.382531222392,"2021"
"83","RRSAC4_3/29/2021_8:00",0,3.82255734,3.82255734,259.9338991,0,0,7.64511468,7.64511468,11.46767202,0,0,0,38.2255734,0,87.91881878,0,374.6106194,0,53.51580276,0,0,7.64511468,3.82255734,0,0,0,0,57.3383601,0,34.40301606,11.46767202,0,0,11.46767202,0,0,0,0,0,3.82255734,0,0,0,0,0,0,3.82255734,0,0,0,0,2021-03-29,"RRSAC4","08:00:00",15.234,167.5,205.8,133.643,0.1,99.5,9.96,8.03,9.57,5.92,0.66,511706,512332,1,NA,1.189113502,0,0,"treatment",1,5070,8775,0.9823972364,"2021"
"84","RRSAC6_3/29/2021_7:40",7.373145604,33.17915521,0,350.2244161,0,0,3.686572801,3.686572801,29.49258242,0,0,0,51.61201922,0,106.9106113,0,247.0003778,0,92.16432006,3.686572801,0,7.373145604,0,0,0,0,0,40.55230082,0,18.43286401,18.43286401,0,0,18.43286401,3.686572801,0,3.686572801,0,0,0,0,0,0,3.686572801,0,0,0,0,0,0,0,2021-03-29,"RRSAC6","07:40:00",14.972,166.5,205.6,133.608,0.1,99.3,9.99,8.01,7.67,4.42,0.42,510387,511017,1,NA,1.196711671,0,0,"treatment",3,5070,8775,1.043300102974,"2021"
"85","RRSAC4_2/8/2021_7:20",0,5.949848518,11.89969704,374.8404566,0,11.89969704,17.84954555,0,71.39818221,0,23.79939407,0,59.49848518,0,53.54863666,35.69909111,559.2857607,0,130.8966674,0,0,5.949848518,29.74924259,0,0,0,0,184.445304,136.8465159,23.79939407,23.79939407,23.79939407,0,35.69909111,29.74924259,0,23.79939407,0,0,11.89969704,0,0,0,0,0,0,0,0,0,0,0,2021-02-08,"RRSAC4","07:20:00",10.232,148.2,206.1,134,0.1,93.6,10.5,7.6,23.95,5.74,0.99,359380,360012,2,NA,1.200510756,0,0,"treatment",1,6740,8775,1.886101980106,"2021"
"86","RRSAC1_3/1/2021_8:10",0,4.88441823,9.768836459,151.4169652,0,4.88441823,2.442209115,0,29.30650938,0,2.442209115,0,17.0954638,0,36.63313673,12.21104557,219.7988204,0,61.05522788,0,0,0,41.51755496,2.442209115,0,0,0,102.5727829,92.80394639,46.40197319,29.30650938,31.7487185,0,29.30650938,29.30650938,0,17.0954638,2.442209115,0,7.326627346,0,0,0,0,0,0,0,0,0,0,0,2021-03-01,"RRSAC1","08:10:00",10.907,156.1,213,138.42,0.1,103.7,11.45,8.16,5.58,5.04,0.88,426084,426718,1,NA,1.204309841,0,0,"control",-0.3,4740,8775,0.984210273565,"2021"
"87","RRSAC4_1/19/2021_7:40",0,0,20.66101244,388.4270338,0,8.264404974,4.132202487,4.132202487,45.45422736,0,0,0,41.32202487,0,41.32202487,8.264404974,177.6847069,0,28.92541741,0,0,0,0,0,0,0,0,53.71863233,70.24744228,4.132202487,4.132202487,28.92541741,0,12.39660746,0,0,0,0,0,4.132202487,0,0,0,0,0,0,0,0,0,0,0,2021-01-19,"RRSAC4","07:40:00",10.553,164.2,226.3,147,0.11,96.1,10.69,7.85,6.11,2.94,0.79,295392,296029,2,NA,1.210008468,0,0,"treatment",1,4540,8775,0.946274369513,"2021"
"88","RRSAC6_2/22/2021_7:00",0,10.33050622,92.97455596,971.0675845,0,10.33050622,20.66101244,30.99151865,175.6186057,0,0,0,82.64404974,0,51.65253109,10.33050622,382.2287301,0,20.66101244,0,0,20.66101244,10.33050622,0,0,0,0,113.6355684,41.32202487,20.66101244,30.99151865,20.66101244,0,30.99151865,10.33050622,0,20.66101244,0,0,0,0,0,0,0,0,0,0,0,0,0,0,2021-02-22,"RRSAC6","07:00:00",10.61,NA,224.8,NA,0.11,101.1,11.24,7.87,8.37,3.9,NA,401978,402615,2,"using backup sonde with missing values",1.210008468,0,0,"treatment",3,6460,8775,2.17973681205,"2021"
"89","RRSAC5_3/8/2021_7:10",4.715115063,7.072672595,2.357557532,110.805204,0,0,2.357557532,4.715115063,113.1627615,0,7.072672595,0,96.65985877,0,56.58138076,0,212.1801778,0,40.07847804,0,0,2.357557532,2.357557532,0,0,0,0,242.8284258,0,0,7.072672595,18.86046026,0,4.715115063,7.072672595,0,0,0,0,0,0,0,0,0,0,0,0,0,0,0,0,2021-03-08,"RRSAC5","07:10:00",12.833,170.6,222,144.358,0.11,99,10.46,8.1,4.85,4.74,0.81,448444,449082,1,NA,1.21190801,2.357557532,0,"treatment",2,5010,8775,0.943023012627,"2021"
"90","RRSAC1_2/2/2021_8:15",0,0,8.187287665,212.8694793,0,16.37457533,8.187287665,0,49.12372599,0,0,0,57.31101366,32.74915066,24.561863,0,785.9796158,0,286.5550683,0,0,0,73.68558899,0,0,0,0,40.93643833,0,0,8.187287665,0,0,8.187287665,0,0,8.187287665,0,0,0,0,0,0,0,0,0,0,0,0,0,0,2021-02-02,"RRSAC1","08:15:00",9.812,128.8,181.2,118,0.09,87.7,9.93,7.52,15.6,3.52,0.67,347768,348411,1,NA,1.221405722,0,0,"control",-0.3,7370,8775,1.621082957685,"2021"
"91","RRSAC4_2/22/2021_7:30",0,18.60747197,11.16448318,413.0858776,0,11.16448318,14.88597757,0,107.9233374,0,0,0,93.0373598,0,63.26540468,11.16448318,323.7700122,0,37.21494393,0,0,0,29.77195514,0,0,0,0,167.4672477,0,0,0,11.16448318,22.32896636,0,22.32896636,11.16448318,0,0,0,3.721494393,3.721494393,0,0,0,0,0,0,0,0,0,0,2021-02-22,"RRSAC4","07:30:00",10.621,NA,225.4,NA,0.11,101.3,11.26,7.9,9.2,2.61,NA,403315,403958,2,"using backup sonde with missing values",1.221405722,0,0,"treatment",1,6460,8775,1.376952925396,"2021"
"92","RRSAC4_3/1/2021_7:40",0,5.109109053,35.76376337,332.0920885,0,0,5.109109053,5.109109053,224.8007984,0,0,0,35.76376337,0,30.65465432,15.32732716,178.8188169,0,25.54554527,0,0,0,15.32732716,0,0,0,0,485.3653601,15.32732716,25.54554527,5.109109053,5.109109053,0,20.43643621,5.109109053,0,15.32732716,0,0,10.21821811,0,0,0,0,0,0,0,0,0,0,0,2021-03-01,"RRSAC4","07:40:00",10.885,167.8,229.5,149.128,0.11,103,11.38,8.12,5.88,4.96,0.88,424827,425471,2,NA,1.223305264,0,0,"treatment",1,4740,8775,1.496968952778,"2021"
"93","RRSAC5_1/26/2021_7:40",0,2.444779862,2.444779862,66.00905626,0,1.629853241,0,2.444779862,12.22389931,1.629853241,0,0,9.779119446,0,15.48360579,0,57.04486344,0,8.964192826,0,0.814926621,0,4.889559723,0.814926621,0,0,0,18.74331227,21.18809213,4.074633103,2.444779862,4.889559723,0,5.704486344,2.444779862,0,7.334339585,0.814926621,0,0,0,0,0,0.814926621,0,0,0,0,0,0,0,2021-01-26,"RRSAC5","07:40:00",8.524,141.9,207,135,0.1,97.9,11.45,7.95,2.64,2.58,0.79,324275,324921,1,NA,1.227104349,0,0,"treatment",2,4450,8775,0.255072032226,"2021"
"94","RRSAC4_3/8/2021_7:30",0,3.055974834,6.111949669,155.8547166,0,3.055974834,3.055974834,0,85.5672954,0,0,0,110.015094,6.111949669,15.27987418,3.055974834,302.5415086,0,18.33584901,0,0,0,6.111949669,0,0,0,0,171.1345907,0,15.27987418,12.22389934,0,0,6.111949669,3.055974834,0,0,3.055974834,0,0,0,0,0,3.055974834,0,0,3.055974834,0,0,0,0,2021-03-08,"RRSAC4","07:30:00",12.445,168.3,221.1,143.753,0.11,99.1,10.54,8.13,4.46,4.06,0.85,449087,449733,1,NA,1.227104349,3.055974834,0,"treatment",1,5010,8775,0.935128299358,"2021"
"95","RRSAC1_1/22/2021_8:20",0,2.716422068,6.791055171,129.0300482,0,1.358211034,2.716422068,0,33.95527586,0,0,0,21.73137655,0,20.37316551,2.716422068,57.04486344,0,13.58211034,0,0,0,5.432844137,1.358211034,1.358211034,0,0,36.67169792,55.6866524,9.507477242,8.149266205,19.01495448,0,10.86568827,1.358211034,0,2.716422068,0,0,2.716422068,0,0,0,0,0,0,0,0,0,0,0,2021-01-22,"RRSAC1","08:20:00",9.881,151.1,217.2,138,0.1,99.5,11.26,7.87,11.92,2.69,2,309275,309921,1,NA,1.227104349,0,0,"control",-0.3,4420,8775,0.446851430201,"2021"
"96","RRSAC1_2/8/2021_7:40",4.074633103,16.29853241,4.074633103,273.0004179,0,0,4.074633103,0,36.67169792,0,0,0,44.82096413,0,48.89559723,8.149266205,391.1647779,0,138.5375255,0,0,4.074633103,28.52243172,4.074633103,0,0,0,48.89559723,40.74633103,28.52243172,16.29853241,44.82096413,0,16.29853241,4.074633103,0,4.074633103,0,0,4.074633103,0,0,0,0,0,0,0,0,0,0,0,2021-02-08,"RRSAC1","07:40:00",10.157,148.5,206.9,134,0.1,93.8,10.54,7.6,11.37,2.7,0.67,360728,361374,2,NA,1.227104349,0,0,"control",-0.3,6740,8775,1.214240664669,"2021"
"97","RRSAC5_2/2/2021_7:40",0,20.27899063,40.55798127,567.8117378,0,13.51932709,6.759663544,0,60.8369719,0,0,0,40.55798127,13.51932709,13.51932709,0,763.8419806,0,243.3478876,0,13.51932709,0,67.59663544,27.03865418,0,0,0,121.6739438,121.6739438,20.27899063,47.31764481,47.31764481,0,47.31764481,6.759663544,0,33.79831773,0,13.51932709,0,0,0,0,0,0,0,0,0,0,0,0,2021-02-02,"RRSAC5","07:40:00",9.707,128.6,181.4,118,0.09,92.8,10.54,7.55,16.58,11.19,1.03,345610,346259,2,NA,1.232802976,0,0,"treatment",2,7370,8775,2.352362913618,"2021"
"98","RRSAC8_1/12/2021_6:50",0,2.530974023,10.12389609,141.7345453,0,0,5.061948047,5.061948047,30.37168828,0,0,0,40.49558437,0,17.71681816,0,237.9115582,0,22.77876621,0,0,5.061948047,15.18584414,0,0,0,0,45.55753242,45.55753242,2.530974023,7.59292207,7.59292207,0,10.12389609,2.530974023,0,2.530974023,0,5.061948047,5.061948047,0,0,0,0,0,0,0,0,0,0,0,2021-01-12,"RRSAC8","06:50:00",9.106,156.9,224.9,146,0.11,96,11.06,7.72,6.43,2.1,0.77,261586,262236,2,NA,1.234702518,0,0,"treatment",6,4790,8775,0.668177142147,"2021"
"99","RRSAC1_3/22/2021_8:25",8.074272958,12.11140944,4.037136479,222.0425063,0,4.037136479,40.37136479,4.037136479,12.11140944,0,0,0,137.2626403,0,40.37136479,0,468.3078316,0,96.8912755,0,0,4.037136479,0,8.074272958,0,0,0,8.074272958,0,0,28.25995535,20.1856824,0,12.11140944,24.22281887,0,8.074272958,0,4.037136479,0,0,0,0,0,0,0,0,0,0,0,0,2021-03-22,"RRSAC1","08:25:00",12.752,139.7,182.3,118.516,0.09,101.4,10.74,7.82,5.78,3.65,0.6,491641,492293,1,NA,1.238501603,0,0,"control",-0.3,8060,8775,1.166732442447,"2021"
"100","RRSAC6_1/19/2021_7:20",0,2.01856824,12.11140944,209.9310969,0,0,12.11140944,2.01856824,32.29709183,0,0,0,24.22281887,8.074272958,14.12997768,4.037136479,133.2255038,0,10.0928412,0,0,2.01856824,8.074272958,0,0,0,0,16.14854592,30.27852359,2.01856824,4.037136479,2.01856824,0,8.074272958,0,0,0,0,0,2.01856824,0,0,0,0,0,0,0,0,0,0,0,2021-01-19,"RRSAC6","07:20:00",10.576,162.3,223.7,145,0.11,96.5,10.74,7.8,6.68,3.26,0.7,294022,294674,2,NA,1.238501603,0,0,"treatment",3,4540,8775,0.538957719942,"2021"
"101","RRSAC4_2/2/2021_7:50",0,5.023307222,35.16315055,411.9111922,0,40.18645778,15.06992167,0,105.4894517,0,0,0,55.25637944,0,35.16315055,5.023307222,477.2141861,0,105.4894517,0,5.023307222,0,75.34960833,10.04661444,5.023307222,0,0,90.41953,75.34960833,30.13984333,25.11653611,65.30299389,0,30.13984333,20.09322889,0,5.023307222,0,10.04661444,5.023307222,0,0,0,0,0,0,0,0,0,0,0,2021-02-02,"RRSAC4","07:50:00",9.708,127.9,180.5,117,0.09,93.4,10.61,7.5,17.76,3.36,0.66,346281,346936,2,NA,1.24420023,0,0,"treatment",1,7370,8775,1.743087606112,"2021"
"102","RRSAC1_2/22/2021_7:50",0,15.04694922,15.04694922,205.6416394,0,0,10.03129948,0,60.1877969,0,0,0,70.21909638,5.015649741,70.21909638,20.06259897,531.6588726,0,55.17214716,0,0,0,55.17214716,0,0,0,0,55.17214716,20.06259897,0,0,0,0,10.03129948,10.03129948,0,15.04694922,0,0,0,0,0,0,0,0,0,0,0,0,0,0,2021-02-22,"RRSAC1","07:50:00",10.637,NA,214.3,NA,0.1,101.3,11.26,7.92,5.9,2.39,NA,404548,405204,1,"using backup sonde with missing values",1.246099772,0,0,"control",-0.3,6460,8775,1.223818536921,"2021"
"103","RRSAC6_1/15/2021_10:40",0,2.507824871,35.10954819,240.7511876,0,0,2.507824871,0,7.523474612,0,0,0,22.57042384,0,67.71127151,5.015649741,183.0712156,0,17.5547741,0,2.507824871,15.04694922,12.53912435,2.507824871,0,0,0,92.78952022,12.53912435,7.523474612,0,2.507824871,0,7.523474612,0,0,7.523474612,12.53912435,0,0,0,0,7.523474612,0,0,0,0,0,0,0,0,2021-01-15,"RRSAC6","10:40:00",10.444,165.1,228.5,149,0.11,97.9,10.92,7.75,4.91,1.5,0.63,273921,274577,2,NA,1.246099772,0,0,"treatment",3,4790,8775,0.767394410486,"2021"
"104","RRSAC6_2/2/2021_7:20",0,15.02404671,35.056109,250.4007786,0,20.03206229,5.008015571,0,75.12023357,0,0,0,85.13626471,5.008015571,75.12023357,0,510.8175883,0,80.12824914,0,0,0,110.1763426,0,0,0,0,30.04809343,20.03206229,15.02404671,25.04007786,20.03206229,0,15.02404671,10.01603114,0,20.03206229,5.008015571,5.008015571,0,0,0,0,5.008015571,0,0,0,0,0,0,0,2021-02-02,"RRSAC6","07:20:00",9.657,127.2,179.6,117,0.09,93.3,10.61,7.52,18.18,3.53,0.71,344949,345606,2,NA,1.247999314,0,0,"treatment",3,7370,8775,1.437300469065,"2021"
"105","RRSAC1_3/15/2021_8:20",1.523932832,0,9.143596994,160.0129474,0,1.523932832,6.095731329,9.143596994,0,0,1.523932832,0,7.619664161,0,15.23932832,0,53.33764913,1.523932832,67.05304461,0,0,0,0,3.047865665,0,0,0,3.047865665,0,0,30.47865665,42.6701193,0,18.28719399,27.43079098,0,1.523932832,0,0,0,0,0,0,0,0,0,0,0,0,0,0,2021-03-15,"RRSAC1","08:20:00",11.747,146,195.1,126.904,0.09,98,10.61,7.93,2.23,3.16,0.8,471337,471995,1,NA,1.249898857,4.571798496,0,"control",-0.3,5110,8775,0.460227715348,"2021"
"106","RRSAC4_1/22/2021_7:50",0,2.353131579,9.412526314,218.8412369,0,4.706263158,0,0,37.65010527,0,0,0,14.11878947,2.353131579,21.17818422,9.412526314,108.2440526,0,7.059394737,0,0,0,9.412526314,0,0,2.353131579,0,61.18142106,190.6036579,9.412526314,4.706263158,40.00323684,0,42.35636842,7.059394737,0,4.706263158,2.353131579,2.353131579,2.353131579,0,0,0,0,0,0,0,0,0,0,0,2021-01-22,"RRSAC4","07:50:00",4.747,152.7,214.3,139,0.1,87.5,9.88,7.82,4.22,2.32,0.66,307825,308483,2,NA,1.249898857,0,0,"treatment",1,4420,8775,0.814183526358,"2021"
"107","RRSAC5_3/22/2021_7:55",0,14.97845025,0,281.5948647,0,17.97414031,17.97414031,0,29.9569005,0,0,0,110.8405318,0,44.93535075,0,239.6552041,0,50.92673086,0,0,2.99569005,11.9827602,0,0,0,0,194.7198533,83.87932144,8.987070153,32.95259055,5.991380101,0,20.96983036,17.97414031,0,2.99569005,0,0,0,0,0,0,0,0,0,0,0,0,0,0,2021-03-22,"RRSAC5","07:55:00",12.727,140.4,183.2,119.078,0.09,100.8,10.68,7.78,5.93,3.7,0.64,489689,490348,2,NA,1.251798399,0,0,"treatment",2,8060,8775,1.192284640094,"2021"
"108","RRSAC1_3/8/2021_7:50",3.946346303,5.919519455,3.946346303,88.79279182,0,0,7.892692607,15.78538521,13.81221206,0,1.973173152,0,19.73173152,0,11.83903891,0,193.3709689,0,27.62442412,0,0,0,0,1.973173152,0,0,0,11.83903891,0,0,15.78538521,27.62442412,0,15.78538521,7.892692607,0,3.946346303,0,3.946346303,0,0,0,0,0,0,0,0,0,0,0,0,2021-03-08,"RRSAC1","07:50:00",13.046,161.6,209.8,136.175,0.1,99.7,10.49,8.16,4.56,3.06,0.71,450433,451100,1,NA,1.266994738,5.919519455,0,"control",-0.3,5010,8775,0.483427422175,"2021"
"109","RRSAC5_3/29/2021_7:50",19.02280703,19.02280703,29.89298248,225.5561405,0,8.152631588,2.717543862,38.04561406,5.435087723,0,0,0,57.06842109,0,73.37368427,0,274.47193,0,279.9070177,0,0,2.717543862,0,13.58771931,0,0,0,8.152631588,0,0,29.89298248,51.63333337,0,43.48070178,19.02280703,0,0,0,0,0,0,0,0,0,0,0,0,0,0,2.717543862,0,2021-03-29,"RRSAC5","07:50:00",14.99,166.2,205.7,133.837,0.1,99.8,10.06,8.04,5.47,3,0.39,511017,511685,1,NA,1.26889428,10.87017545,0,"treatment",2,5070,8775,1.203871930615,"2021"
"110","RRSAC5_3/15/2021_7:45",2.626959066,1.313479533,2.626959066,126.0940352,0,1.313479533,10.50783626,9.194356734,6.567397665,0,0,0,15.7617544,1.313479533,30.21002926,0,81.43573103,0,53.85266085,0,0,0,0,3.940438599,0,0,0,106.3918422,0,1.313479533,11.8213158,18.38871346,0,10.50783626,18.38871346,0,2.626959066,0,0,0,0,0,0,0,0,0,0,0,0,0,0,2021-03-15,"RRSAC5","07:45:00",11.579,155.7,209.2,136.03,0.1,97.5,10.62,7.94,4.93,2.99,0.8,469544,470212,1,NA,1.26889428,2.626959066,0,"treatment",2,5110,8775,0.516197456508,"2021"
"111","RRSAC5_2/22/2021_7:15",3.905360511,15.62144204,15.62144204,351.482446,0,0,7.810721022,23.43216307,144.4983389,0,0,0,74.20184971,0,42.95896562,15.62144204,214.7948281,0,35.1482446,0,0,0,35.1482446,0,0,7.810721022,0,82.01257073,31.24288409,0,0,3.905360511,0,11.71608153,0,0,3.905360511,0,0,3.905360511,0,0,0,0,0,0,0,0,0,0,0,2021-02-22,"RRSAC5","07:15:00",10.585,NA,224.9,NA,0.11,101,11.23,7.91,9.04,3.76,NA,402628,403302,2,"using backup sonde with missing values",1.280291534,0,0,"treatment",2,6460,8775,1.124743827158,"2021"
"112","RRSAC2_3/8/2021_7:40",0,0,15.62144204,749.8292181,0,0,31.24288409,0,593.6147976,0,124.9715363,0,890.4221965,46.86432613,234.3216307,0,812.3149863,0,31.24288409,0,0,0,0,0,0,0,0,2233.866212,0,0,0,15.62144204,0,0,31.24288409,0,15.62144204,0,0,0,0,0,0,0,0,0,0,0,0,0,0,2021-03-08,"RRSAC2","07:40:00",13.024,239.8,310.2,201.329,0.15,99.6,10.48,8.09,12.92,5.15,0.92,449745,450419,4,NA,1.280291534,0,0,"treatment",0,5010,8775,5.82679788202,"2021"
"113","RRSAC5_1/15/2021_10:50",0,0,17.69911905,175.2212785,0,7.079647618,10.61947143,1.769911905,17.69911905,0,0,0,12.38938333,0,40.7079738,3.539823809,120.3540095,0,21.23894285,0,5.309735713,5.309735713,10.61947143,1.769911905,0,0,0,74.33629998,14.15929523,0,1.769911905,5.309735713,0,5.309735713,3.539823809,0,1.769911905,1.769911905,0,0,0,0,0,3.539823809,0,0,0,0,0,0,0,2021-01-15,"RRSAC5","10:50:00",10.487,165,228,148,0.11,98.1,10.95,7.75,4.65,1.75,0.61,274591,275267,1,NA,1.284090619,0,0,"treatment",2,4790,8775,0.562831985572,"2021"
"114","RRSAC6_3/15/2021_7:30",0,3.115044952,7.78761238,157.3097701,0,6.230089904,15.57522476,10.90265733,14.01770228,0,0,0,17.13274724,0,24.92035961,0,104.3540059,1.557522476,43.61062933,0,0,0,0,0,0,0,0,96.56639351,0,4.672567428,10.90265733,26.47788209,0,6.230089904,12.46017981,0,1.557522476,0,4.672567428,0,0,0,0,0,0,0,0,0,0,0,0,2021-03-15,"RRSAC6","07:30:00",11.616,155.5,208.8,135.666,0.1,97.6,10.6,7.95,3.38,2.67,0.79,468873,469549,1,NA,1.284090619,3.115044952,0,"treatment",3,5110,8775,0.570053226238,"2021"
"115","RRSAC1_1/19/2021_8:00",0,0,6.489676983,139.5280552,0,9.734515475,0,0,35.6932234,0,0,0,22.71386944,0,9.734515475,0,155.7522476,0,45.42773888,0,19.46903095,0,9.734515475,3.244838492,0,0,0,113.5693472,292.0354642,12.97935397,6.489676983,25.95870793,0,51.91741587,19.46903095,0,9.734515475,0,0,0,0,0,0,0,0,0,0,0,0,0,0,2021-01-19,"RRSAC1","08:00:00",10.522,151.8,209.6,136,0.1,96.6,10.76,7.87,5.09,2.89,0.68,296517,297193,2,NA,1.284090619,0,0,"control",-0.3,4540,8775,0.989675739948,"2021"
"116","RRSAC4_1/12/2021_7:40",0,0,19.46903095,321.2390107,0,12.97935397,16.22419245,6.489676983,51.91741587,0,0,0,81.12096231,0,71.38644682,6.489676983,317.9941721,0,32.44838492,0,0,3.244838492,22.71386944,0,0,0,0,84.36580075,84.36580075,22.71386944,6.489676983,12.97935397,0,45.42773888,3.244838492,0,3.244838492,0,0,0,0,0,0,0,0,0,0,0,0,0,0,2021-01-12,"RRSAC4","07:40:00",9.026,157.6,226.6,147,0.11,96.6,11.15,7.76,5.59,2.62,0.76,264304,264980,2,NA,1.284090619,0,0,"treatment",1,4790,8775,1.226548949745,"2021"
"117","RRSAC1_1/5/2021_8:20",0,4.436937184,2.218468592,153.0743328,0,11.09234296,15.52928014,2.218468592,26.62162311,0,0,0,73.20946354,26.62162311,77.64640072,0,244.0315451,0,93.17568086,0,0,4.436937184,0,6.655405775,0,0,0,39.93243466,0,0,2.218468592,15.52928014,0,8.873874369,0,0,0,0,0,0,0,0,0,0,0,0,0,0,0,0,0,2021-01-05,"RRSAC1","08:20:00",9.679,147.5,208.3,135,0.1,96.2,10.94,7.74,3.5,2.46,0.79,235202,235880,1,NA,1.287889704,11.09234296,0,"control",-0.3,4620,8775,0.807522567428,"2021"
"118","RRSAC2_3/22/2021_8:20",0,16.17633348,6.470533393,307.3503361,0,6.470533393,29.11740027,0,25.88213357,0,0,0,164.9986015,3.235266697,45.29373375,0,284.7034693,0,58.23480054,0,3.235266697,9.70580009,9.70580009,0,0,0,0,278.2329359,152.0575347,19.41160018,22.64686688,12.94106679,0,3.235266697,16.17633348,0,3.235266697,0,3.235266697,3.235266697,0,0,3.235266697,9.70580009,3.235266697,0,0,0,0,0,0,2021-03-22,"RRSAC2","08:20:00",12.736,139.9,182.5,118.556,0.09,100.9,10.69,7.84,5.8,4.75,0.65,490955,491633,2,NA,1.287889704,0,0,"treatment",0,8060,8775,1.501163747072,"2021"
"119","RRSAC5_1/22/2021_7:40",0,6.451502412,22.58025845,303.2206134,0,6.451502412,0,6.451502412,38.70901448,0,0,0,29.03176086,3.225751207,41.93476568,3.225751207,135.4815507,0,9.677253619,0,0,3.225751207,6.451502412,0,0,0,0,25.80600965,41.93476568,3.225751207,12.90300483,3.225751207,0,22.58025845,3.225751207,0,0,0,3.225751207,0,0,0,3.225751207,6.451502412,0,0,0,0,0,0,0,2021-01-22,"RRSAC5","07:40:00",7.749,161.8,228.1,148,0.11,98.4,11.16,7.9,4.32,2.52,0.72,307142,307822,2,NA,1.291688788,0,0,"treatment",2,4420,8775,0.741922777515,"2021"
"120","RRSAC5_2/8/2021_7:10",0,7.038002632,21.11400789,334.305125,0,10.55700395,14.07600526,3.519001316,49.26601843,0,3.519001316,0,63.34202369,0,14.07600526,7.038002632,320.2291197,0,84.45603159,0,0,3.519001316,42.22801579,0,0,0,0,45.74701711,63.34202369,21.11400789,7.038002632,21.11400789,0,21.11400789,10.55700395,0,21.11400789,0,10.55700395,3.519001316,0,0,0,0,0,0,0,0,0,0,0,2021-02-08,"RRSAC5","07:10:00",10.192,147.5,205.4,134,0.1,93.7,10.52,7.59,12.33,2.93,0.72,358673,359353,2,NA,1.291688788,0,0,"treatment",2,6740,8775,1.20349844998,"2021"
"121","RRSAC8_1/19/2021_6:50",0,0,30.87639864,385.954983,0,3.85954983,7.719099661,3.85954983,27.01684881,0,0,0,46.31459796,3.85954983,15.43819932,7.719099661,146.6628936,0,23.15729898,0,0,0,7.719099661,0,0,0,0,42.45504813,65.61234712,0,15.43819932,15.43819932,0,15.43819932,3.85954983,0,3.85954983,0,3.85954983,0,0,0,0,0,0,0,0,0,0,0,0,2021-01-19,"RRSAC8","06:50:00",10.547,161.6,223,145,0.11,97.5,10.83,7.75,6.5,2.89,0.69,292583,293265,2,NA,1.295487873,0,0,"treatment",6,4540,8775,0.876117811483,"2021"
"122","RRSAC2_1/12/2021_7:55",0,0,31.78452802,435.9020985,0,9.081293717,40.86582173,118.0568184,40.86582173,0,0,0,68.10970289,0,104.4348777,4.540646859,295.1420459,0,36.32517487,0,0,0,13.62194058,0,0,0,0,317.8452802,40.86582173,9.081293717,4.540646859,13.62194058,0,13.62194058,0,0,9.081293717,9.081293717,27.24388116,4.540646859,0,0,4.540646859,0,9.081293717,0,4.540646859,0,0,0,0,2021-01-12,"RRSAC2","07:55:00",9.329,195.2,278.3,181,0.13,96.9,11.1,7.75,10.9,2.22,0.75,265000,265682,2,NA,1.295487873,0,0,"treatment",0,4790,8775,1.66641739745,"2021"
"123","RRSAC8_2/2/2021_6:50",5.497520853,16.49256256,10.99504171,285.8710843,0,5.497520853,21.99008341,5.497520853,54.97520853,0,5.497520853,0,0,21.99008341,82.46281276,5.497520853,527.7620019,5.497520853,208.9057924,0,0,0,0,5.497520853,0,0,0,5.497520853,0,0,16.49256256,38.48264597,0,5.497520853,10.99504171,0,16.49256256,0,0,0,0,0,0,0,0,0,0,0,0,0,0,2021-02-02,"RRSAC8","06:50:00",9.632,126.3,178.6,116,0.08,93.4,10.62,7.53,17.8,3.57,0.7,343511,344195,1,NA,1.299286958,10.99504171,0,"treatment",6,7370,8775,1.363385171457,"2021"
"124","RRSAC8_1/26/2021_7:10",0,1.915729974,15.32583979,11.49437984,172.4156977,0,0,1.915729974,19.15729974,0,1.915729974,0,13.41010982,0,17.24156977,0,97.70222868,0,9.57864987,0,5.747189922,1.915729974,5.747189922,1.915729974,0,0,0,36.39886951,49.80897932,0,1.915729974,7.662919896,0,9.57864987,0,0,7.662919896,0,0,0,0,0,0,0,0,0,0,0,0,0,0,2021-01-26,"RRSAC8","07:10:00",8.682,143.6,208.3,135,0.1,98,11.4,8.01,2.96,2.58,0.84,322130,322817,1,NA,1.304985585,0,0,"treatment",6,4450,8775,0.49042687339,"2021"
"125","RRSAC5_1/19/2021_7:30",0,0,29.80024404,455.518016,0,4.25717772,4.25717772,0,38.31459948,0,0,0,29.80024404,0,29.80024404,0,153.2583979,0,8.514355439,0,0,0,4.25717772,0,0,0,4.25717772,38.31459948,25.54306632,0,8.514355439,12.77153316,0,8.514355439,0,0,12.77153316,0,0,0,0,0,0,0,0,0,0,0,0,0,0,2021-01-19,"RRSAC5","07:30:00",10.562,167.2,229.2,146,0.11,96.3,10.72,7.85,5.72,2.95,0.63,294700,295387,2,NA,1.304985585,0,0,"treatment",2,4540,8775,0.868464254817,"2021"
"126","RRSAC7_3/8/2021_6:50",6.094849168,9.142273752,0,103.6124359,0,0,0,18.2845475,79.23303918,0,9.142273752,0,100.5650113,6.094849168,54.85364251,0,313.8847321,0,63.99591626,0,0,3.047424584,0,0,0,0,0,234.651693,0,0,9.142273752,18.2845475,0,6.094849168,3.047424584,0,0,0,0,0,0,0,0,0,0,0,0,0,0,0,0,2021-03-08,"RRSAC7","06:50:00",12.723,169.8,221.6,144.064,0.11,98.7,10.46,8.16,4.45,4.65,0.89,447162,447853,2,NA,1.312583754,12.18969834,0,"treatment",4,5010,8775,1.039171783178,"2021"
"127","RRSAC4_2/15/2021_7:25",0,9.509439972,23.77359993,242.4907193,0,9.509439972,38.03775989,0,76.07551978,0,0,0,38.03775989,0,52.30191985,9.509439972,461.2078387,0,47.54719986,0,0,0,19.01887994,0,0,0,0,99.84911971,76.07551978,14.26415996,9.509439972,28.52831992,0,19.01887994,23.77359993,0,9.509439972,0,4.754719986,14.26415996,0,0,0,0,0,0,0,0,4.754719986,0,0,2021-02-15,"RRSAC4","07:25:00",11.454,154.3,207.9,135,0.1,96.2,10.49,7.7,12.48,4.9,0.66,380621,381313,1,NA,1.314483296,0,0,"treatment",1,9260,8775,1.331321596172,"2021"
"128","RRSAC6_1/26/2021_7:30",1.377220659,2.754441318,13.77220659,132.2131832,0,2.754441318,5.508882636,0,30.2988545,0,1.377220659,0,19.28108922,4.131661977,34.43051647,0,81.2560189,0,37.18495779,0,0,2.754441318,1.377220659,0,0,0,0,4.131661977,0,0,4.131661977,13.77220659,0,6.886103295,2.754441318,0,1.377220659,0,0,0,0,0,0,0,0,0,0,0,0,0,0,2021-01-26,"RRSAC6","07:30:00",8.592,142.8,207.6,135,0.1,98,11.43,7.95,2.72,2.72,0.82,323576,324271,1,NA,1.320181923,1.377220659,0,"treatment",3,4450,8775,0.40352565303,"2021"
"129","RRSAC8_3/22/2021_7:10",18.72128723,0,5.348939208,280.8193084,0,8.023408809,48.14045288,5.348939208,10.69787842,0,2.674469604,0,72.21067931,10.69787842,32.09363525,0,280.8193084,2.674469604,139.0724194,0,0,0,0,5.348939208,0,0,0,16.04681763,0,0,42.79151366,64.18727049,0,34.76810485,26.74469604,0,10.69787842,0,0,0,0,0,0,0,0,0,0,0,5.348939208,0,0,2021-03-22,"RRSAC8","07:10:00",12.711,141.2,184.4,119.868,0.09,100.2,10.62,7.74,11.7,5.72,0.73,487591,488294,1,NA,1.335378262,10.69787842,0,"treatment",6,8060,8775,1.123277233649,"2021"
"130","RRSAC5_1/5/2021_7:40",8.810017517,8.810017517,83.69516645,427.2858497,0,8.810017517,8.810017517,0,39.64507884,0,4.405008759,0,48.45509635,26.43005256,48.45509635,0,268.7055343,4.405008759,136.5552716,0,0,4.405008759,0,0,0,0,0,48.45509635,0,4.405008759,8.810017517,0,0,8.810017517,4.405008759,0,4.405008759,0,0,0,0,0,0,0,0,0,0,0,0,0,0,2021-01-05,"RRSAC5","07:40:00",9.668,147.8,208.7,136,0.1,95.5,10.86,7.75,4.96,2.38,0.76,233285,233988,1,NA,1.335378262,4.405008759,0,"treatment",2,4620,8775,1.206972400156,"2021"
"131","RRSAC7_3/29/2021_7:25",32.0480477,17.80447094,53.41341283,338.2849479,0,0,3.560894189,14.24357676,17.80447094,0,0,0,32.0480477,7.121788378,96.14414312,0,324.0413712,0,341.8458421,0,0,24.92625932,0,14.24357676,0,0,0,28.48715351,0,28.48715351,56.97430702,121.0704024,0,110.3877198,7.121788378,0,0,0,7.121788378,0,0,0,0,0,0,0,0,0,0,0,0,2021-03-29,"RRSAC7","07:25:00",14.951,166,205.4,133.477,0.1,99,9.98,8.01,4.04,2.78,0.38,509665,510369,1,NA,1.337277804,7.121788378,0,"treatment",4,5070,8775,1.677181162833,"2021"
"132","RRSAC6_3/1/2021_7:10",0,49.00396498,42.00339855,763.0617406,0,0,21.00169928,7.000566426,420.0339855,0,0,0,70.00566426,0,49.00396498,21.00169928,140.0113285,0,14.00113285,0,0,0,28.0022657,0,0,0,0,539.0436148,0,0,0,7.000566426,0,0,7.000566426,0,7.000566426,0,0,35.00283213,0,0,0,0,0,0,0,0,7.000566426,0,0,2021-03-01,"RRSAC6","07:10:00",10.816,166.9,228.7,148.639,0.11,102.2,11.31,8.12,7.19,5.46,0.87,423514,424219,3,NA,1.339177347,0,0,"treatment",3,4740,8775,2.22618012354,"2021"
"133","RRSAC8_3/15/2021_7:00",1.491338801,1.491338801,8.948032808,144.6598637,0,2.982677603,34.30079243,8.948032808,11.93071041,0,0,0,22.37008202,0,19.38740442,0,73.07560126,0,52.19685805,0,0,1.491338801,0,1.491338801,0,0,2.982677603,70.09292366,0,0,7.456694007,28.33543722,0,11.93071041,11.93071041,0,1.491338801,0,2.982677603,0,0,0,0,0,0,0,0,0,1.491338801,0,0,2021-03-15,"RRSAC8","07:00:00",11.553,153.8,206.8,134.368,0.1,97.6,10.62,7.98,4.69,3.21,0.84,467434,468140,1,NA,1.341076889,5.965355205,0,"treatment",6,5110,8775,0.523459919228,"2021"
"134","RRSAC7_1/5/2021_7:20",7.446147056,0,67.0153235,394.645794,0,7.446147056,11.16922058,0,37.23073528,0,0,0,55.84610292,33.50766175,85.63069114,0,353.6919852,0,96.79991173,0,0,11.16922058,0,3.723073528,0,0,0,33.50766175,0,0,3.723073528,18.61536764,0,7.446147056,0,0,0,0,0,0,0,0,0,0,0,0,0,0,0,0,0,2021-01-05,"RRSAC7","07:20:00",9.655,148.1,209.2,136,0.1,95.3,10.89,7.71,4.72,2.43,0.75,231909,232616,2,NA,1.342976431,3.723073528,0,"treatment",4,4620,8775,1.228614264294,"2021"
"135","RRSAC8_1/15/2021_10:20",0,0,12.3927165,257.1488673,0,3.098179125,15.49089562,0,24.78543299,0,0,0,30.98179125,0,21.68725388,0,161.1053145,0,34.07997037,0,0,0,21.68725388,0,0,0,3.098179125,164.2034936,49.570866,3.098179125,15.49089562,15.49089562,0,6.196358249,0,0,0,0,0,0,0,0,0,0,0,0,0,0,0,0,0,2021-01-15,"RRSAC8","10:20:00",10.253,164.3,228.5,149,0.11,97.3,10.91,7.75,5.68,1.82,0.66,272435,273143,1,NA,1.344875974,0,0,"treatment",6,4790,8775,0.839606542754,"2021"
"136","RRSAC8_2/15/2021_6:30",0,5.281326213,10.56265243,219.1750378,0,5.281326213,7.921989316,0,44.8912728,0,0,0,36.96928349,0,26.40663106,7.921989316,261.4256475,0,79.21989316,0,0,0,44.8912728,2.640663106,0,0,0,163.7211126,0,15.84397864,7.921989316,15.84397864,0,5.281326213,13.20331553,0,26.40663106,0,5.281326213,5.281326213,0,0,0,0,2.640663106,0,0,0,0,0,0,2021-02-15,"RRSAC8","06:30:00",11.559,154.5,207.7,135,0.1,98,10.66,7.72,11.18,4.77,0.65,377862,378574,1,NA,1.352474143,0,0,"treatment",6,9260,8775,1.014014632735,"2021"
"137","RRSAC4_1/5/2021_7:50",2.46116221,0,17.22813547,211.6599501,0,12.30581106,14.76697326,2.46116221,56.60673085,0,2.46116221,0,51.68440642,24.6116221,63.99021748,2.46116221,255.9608699,0,118.1357861,0,0,2.46116221,4.922324422,0,2.46116221,0,0,39.37859537,0,0,0,7.383486632,0,17.22813547,12.30581106,0,0,0,0,0,0,0,0,0,0,0,0,0,0,0,0,2021-01-05,"RRSAC4","07:50:00",9.716,147.9,208.6,136,0.1,96,10.9,7.71,4.82,2.44,0.75,233958,234671,1,NA,1.354373685,9.84464884,0,"treatment",1,4620,8775,0.922935828954,"2021"
"138","RRSAC7_1/12/2021_7:00",0,0,101.9469257,56.63718094,0,0,14.15929524,2.831859047,33.98230856,0,0,0,45.30974476,2.831859047,22.65487238,0,288.8496228,0,50.97346285,0,0,2.831859047,8.495577143,0,0,0,0,73.62833523,22.65487238,8.495577143,2.831859047,22.65487238,0,19.82301333,0,0,5.663718094,0,2.831859047,2.831859047,0,0,0,0,2.831859047,0,0,0,0,0,0,2021-01-12,"RRSAC7","07:00:00",9.13,146.6,210.1,137,0.1,96,11.06,7.72,5.72,2.08,0.74,262231,262946,1,NA,1.35817277,0,0,"treatment",4,4790,8775,0.795752392259,"2021"
"139","RRSAC6_1/22/2021_7:30",0,0,14.66413919,232.1822038,0,0,0,2.444023198,34.21632478,0,0,0,19.55218559,0,14.66413919,0,70.87667275,0,4.888046396,0,7.332069594,0,0,0,0,0,0,4.888046396,19.55218559,2.444023198,4.888046396,2.444023198,0,4.888046396,0,0,2.444023198,0,2.444023198,0,0,0,0,0,0,0,0,0,0,0,0,2021-01-22,"RRSAC6","07:30:00",9.764,161.8,228,148,0.11,98,11.11,7.86,4.25,2.51,0.67,306425,307143,2,NA,1.363871397,0,0,"treatment",3,4420,8775,0.444812222058,"2021"
"140","RRSAC7_3/15/2021_7:20",0,1.045981715,6.275890286,101.4602263,0,2.091963429,5.229908572,8.367853716,9.413835432,0,0,0,17.78168915,0,25.10356115,0,97.27629947,1.045981715,35.56337829,0,0,0,0,1.045981715,0,0,0,78.44862855,0,1.045981715,6.275890286,11.50579886,0,9.413835432,8.367853716,0,4.183926857,0,1.045981715,0,0,0,0,0,0,0,0,0,0,0,0,2021-03-15,"RRSAC7","07:20:00",11.525,154.8,208.2,135.286,0.1,97.5,10.62,7.95,2.95,2.98,0.76,468142,468861,1,NA,1.365770939,1.045981715,0,"treatment",4,5110,8775,0.431990448071,"2021"
"141","RRSAC7_1/22/2021_7:20",0,3.025532166,12.10212867,314.6553452,0,12.10212867,9.076596498,0,48.40851466,0,0,0,27.22978949,0,39.33191816,0,66.56170765,0,3.025532166,0,12.10212867,6.051064332,12.10212867,3.025532166,0,0,0,36.30638599,27.22978949,0,6.051064332,18.153193,0,3.025532166,3.025532166,0,3.025532166,0,0,3.025532166,0,0,0,0,0,0,0,0,0,0,0,2021-01-22,"RRSAC7","07:20:00",9.746,161.2,277.2,148,0.11,97.7,11.09,7.86,4.11,2.43,0.67,305685,306410,2,NA,1.377168193,0,0,"treatment",4,4420,8775,0.668642608644,"2021"
"142","RRSAC4_1/26/2021_7:50",0,0,0,17.95506811,201.4957643,0,1.995007567,1.995007567,23.94009081,0,0,0,27.93010594,0,31.92012107,0,115.7104389,0,25.93509837,0,5.985022702,5.985022702,0,0,0,0,0,121.6954616,25.93509837,11.97004541,9.975037837,5.985022702,0,35.91013621,3.990015135,0,0,0,0,0,0,0,0,0,0,0,0,0,0,0,0,2021-01-26,"RRSAC4","07:50:00",8.993,141.9,207,135,0.1,98,11.46,7.96,2.69,2.69,0.86,324943,325676,1,NA,1.392364532,0,0,"treatment",1,4450,8775,0.676307565302,"2021"
"143","RRSAC5_1/12/2021_7:30",0,5.944473767,11.88894754,133.7506598,0,2.972236884,5.944473767,8.916710651,38.63907949,0,0,0,32.69460572,0,26.75013195,11.88894754,270.4735565,0,26.75013195,0,0,5.944473767,8.916710651,0,0,0,0,29.72236884,29.72236884,0,2.972236884,2.972236884,2.972236884,11.88894754,0,0,2.972236884,0,2.972236884,0,0,0,0,0,0,0,0,0,0,0,0,2021-01-12,"RRSAC5","07:30:00",9.163,157.4,225.3,147,0.11,96.2,11.07,7.76,6.08,2.08,0.72,263567,264305,2,NA,1.401862244,0,0,"treatment",2,4790,8775,0.677670009617,"2021"
"144","RRSAC8_1/5/2021_7:10",2.377789507,0,28.53347408,237.7789507,0,2.377789507,11.88894754,2.377789507,47.55579014,0,0,0,66.5781062,19.02231606,52.31136915,0,233.0233717,2.377789507,68.95589571,0,0,2.377789507,0,0,0,0,0,26.15568458,0,0,4.755579014,4.755579014,0,16.64452655,2.377789507,0,2.377789507,0,0,0,0,0,0,0,0,0,0,0,0,4.755579014,0,2021-01-05,"RRSAC8","07:10:00",9.659,148.5,209.8,136,0.1,95.5,10.85,7.72,4.95,2.45,0.77,231175,231913,2,NA,1.401862244,7.133368521,0,"treatment",6,4620,8775,0.839359696001,"2021"
"145","RRSAC7_1/26/2021_7:20",0,0.711408915,6.402680232,77.5435717,0,1.422817829,0,0.711408915,21.34226744,0,0.711408915,0,12.80536046,0,5.691271317,0,41.97312597,0,6.402680232,0,2.134226744,0,4.268453488,0,0,0,0,17.78522287,19.91944961,2.134226744,1.422817829,7.825498061,0,4.979862403,0,0,2.845635659,0.711408915,0,0,0,0,0.711408915,0,0,0,0,0,0,0,0,2021-01-26,"RRSAC7","07:20:00",8.556,142.8,207.9,135,0.1,97.8,11.41,7.95,2.71,2.51,0.86,322831,323571,1,NA,1.405661328,0,0,"treatment",4,4450,8775,0.240456213163,"2021"
"146","RRSAC8_3/1/2021_6:40",0,17.73728426,5.912428087,532.1185278,0,0,11.82485618,5.912428087,342.920829,0,0,0,82.77399324,5.912428087,41.38699661,11.82485618,195.1101269,0,41.38699661,0,0,0,23.64971235,0,0,0,0,47.2994247,59.12428087,5.912428087,0,5.912428087,0,5.912428087,29.56214044,0,0,5.912428087,0,11.82485618,0,0,0,0,0,0,0,0,17.73728426,0,0,2021-03-01,"RRSAC8","06:40:00",10.841,166.7,228.2,148.325,0.11,101.8,11.26,8.08,6.13,3.75,0.85,421970,422712,3,NA,1.409460413,0,0,"treatment",6,4740,8775,1.507669162189,"2021"
"147","RRSAC2_2/8/2021_7:35",0,8.856705869,61.99694108,464.9770581,0,13.2850588,0,0,61.99694108,0,4.428352935,0,70.85364695,4.428352935,26.57011761,4.428352935,442.8352935,0,92.99541163,0,0,0,17.71341174,13.2850588,0,0,0,75.28199989,53.14023522,26.57011761,13.2850588,17.71341174,0,30.99847054,13.2850588,0,4.428352935,0,8.856705869,8.856705869,0,0,0,0,0,0,0,0,4.428352935,0,0,2021-02-08,"RRSAC2","07:35:00",10.239,148.5,206.6,134,0.1,94.3,10.58,7.57,13.24,2.92,0.69,360022,360765,3,NA,1.411359955,0,0,"treatment",0,6740,8775,1.545495174172,"2021"
"148","RRSAC7_1/19/2021_7:10",0,0,30.32503438,555.9589637,0,5.054172397,10.1083448,5.054172397,35.37920678,0,5.054172397,0,45.48755158,0,35.37920678,0,293.141999,0,30.32503438,0,0,10.1083448,0,0,0,0,0,55.59589637,161.7335167,5.054172397,30.32503438,5.054172397,0,5.054172397,5.054172397,0,10.1083448,0,0,0,0,0,0,5.054172397,0,0,0,0,0,0,0,2021-01-19,"RRSAC7","07:10:00",10.516,161.4,223.2,145,0.11,98,10.9,7.81,6.29,2.84,0.77,293279,294023,1,NA,1.413259498,0,0,"treatment",4,4540,8775,1.344409857626,"2021"
"149","RRSAC1_3/29/2021_8:30",3.215251375,45.01351926,6.430502751,311.8793834,0,9.645754129,3.215251375,0,25.722011,0,0,0,73.95078161,0,86.81178712,0,270.0811155,0,118.9643009,0,0,3.215251375,0,3.215251375,0,0,0,77.16603302,0,64.30502751,19.29150825,3.215251375,0,32.15251375,12.8610055,0,25.722011,0,3.215251375,3.215251375,0,0,0,6.430502751,0,0,0,3.215251375,0,0,0,2021-03-29,"RRSAC1","08:30:00",15.356,165.3,202.5,131.633,0.1,100.5,10.05,8.12,8.86,2.93,0.41,0,0,1,"volume sampled calculated with net area*distance; not flowmeter",1.413716694,9.645754129,0,"control",-0.3,5070,8775,1.212149768451,"2021"
"150","RRSAC8_2/22/2021_6:30",0,22.08232369,22.08232369,450.4794034,0,8.832929478,52.99757687,13.24939422,88.32929478,0,8.832929478,0,75.07990056,0,52.99757687,22.08232369,313.5689965,0,44.16464739,0,0,0,44.16464739,4.416464739,0,0,0,287.070208,61.83050634,17.66585896,35.33171791,17.66585896,0,39.74818265,22.08232369,0,22.08232369,4.416464739,0,0,0,0,0,0,0,0,0,0,0,0,0,2021-02-22,"RRSAC8","06:30:00",10.489,NA,224.9,NA,0.11,100.9,11.25,7.88,8.35,3.81,NA,400413,401158,2,"using backup sonde with missing values",1.41515904,0,0,"treatment",6,6460,8775,1.731254177684,"2021"
"151","RRSAC8_2/8/2021_6:30",3.92048404,3.92048404,19.6024202,415.5713082,0,11.76145212,11.76145212,0,47.04580848,0,0,0,50.96629252,0,15.68193616,3.92048404,435.1737284,0,137.2169414,0,0,0,54.88677656,0,0,0,0,211.7061381,0,15.68193616,15.68193616,58.80726059,0,31.36387232,3.92048404,0,23.52290424,0,0,3.92048404,0,0,0,0,0,0,0,0,0,0,0,2021-02-08,"RRSAC8","06:30:00",10.093,145.8,203.6,132,0.1,93.2,10.49,7.64,14.91,2.9,0.75,356240,356986,2,NA,1.417058582,0,0,"treatment",6,6740,8775,1.57603458393,"2021"
"152","RRSAC7_2/2/2021_7:10",0,21.05770377,10.52885189,305.3367046,0,10.52885189,15.79327783,5.264425943,31.58655566,0,0,0,26.32212971,10.52885189,10.52885189,0,563.2935758,0,47.37983348,0,36.8509816,0,0,100.0240929,0,0,0,0,0,21.05770377,5.264425943,0,0,0,0,0,10.52885189,0,5.264425943,0,0,0,0,0,0,0,0,0,0,0,0,2021-02-02,"RRSAC7","07:10:00",9.651,126.9,179.3,117,0.09,93.3,10.62,7.5,16.71,3.46,0.69,344202,344952,1,NA,1.424656752,0,0,"treatment",4,7370,8775,1.237140096399,"2021"
"153","RRSAC7_1/15/2021_10:30",0,7.510594398,5.007062934,200.2825173,0,2.503531467,20.02825173,2.503531467,22.5317832,0,2.503531467,0,25.03531467,0,32.54590907,2.503531467,127.6801048,0,37.552972,0,0,12.51765734,12.51765734,0,0,0,0,237.8354894,45.06356641,2.503531467,7.510594398,12.51765734,0,10.01412587,7.510594398,0,7.510594398,0,0,0,0,0,0,0,0,0,0,0,0,0,0,2021-01-15,"RRSAC7","10:30:00",10.395,165,228.5,149,0.11,98.1,10.96,7.76,4.63,1.8,0.63,273163,273914,1,NA,1.426556294,0,0,"treatment",4,4790,8775,0.843690104331,"2021"
"154","RRSAC1_2/15/2021_7:50",0,4.34645473,4.34645473,156.4723703,0,4.34645473,17.38581892,0,34.77163784,0,0,0,47.81100203,0,34.77163784,4.34645473,408.5667446,0,65.19682095,0,0,39.11809257,0,0,0,0,0,86.92909459,52.15745676,8.692909459,4.34645473,13.03936419,0,34.77163784,21.73227365,0,17.38581892,0,4.34645473,0,0,0,0,0,0,0,0,0,0,0,0,2021-02-15,"RRSAC1","07:50:00",11.399,153.6,207.3,135,0.1,96.6,10.55,7.74,13.29,4.25,0.63,381875,382632,1,NA,1.437953548,0,0,"control",-0.3,9260,8775,1.064881408839,"2021"
"155","RRSAC1_1/12/2021_8:10",0,2.416647984,16.91653589,144.9988791,0,9.666591939,9.666591939,0,19.33318387,0,0,0,31.41642379,0,16.91653589,0,236.8315024,0,57.99955162,0,0,0,2.416647984,0,0,0,0,48.33295968,57.99955162,2.416647984,7.249943949,24.16647984,0,14.49988791,7.249943949,0,0,0,2.416647984,0,0,0,0,0,2.416647984,0,0,0,0,0,0,2021-01-12,"RRSAC1","08:10:00",9.354,150.1,213.8,139,0.1,96.4,10.4,7.76,10.07,2,0.71,265686,266464,1,NA,1.477843937,0,0,"control",-0.3,4790,8775,0.715327803306,"2021"
"156","RRSAC8_3/29/2021_7:10",26.27541799,32.11439977,14.59745444,280.2711252,0,0,11.67796355,35.03389065,23.3559271,0,2.919490888,0,37.95338154,2.919490888,119.6991264,0,251.0762164,2.919490888,175.1694532,0,0,5.838981775,0,0,0,0,0,17.51694532,0,0,14.59745444,84.66523573,0,49.63134509,11.67796355,0,5.838981775,0,5.838981775,0,0,0,0,0,0,0,0,0,0,0,0,2021-03-29,"RRSAC8","07:10:00",14.899,165.7,205.1,133.299,0.1,99.4,10.03,8.06,4.52,3.74,0.42,508878,509662,1,NA,1.489241191,2.919490888,0,"treatment",6,5070,8775,1.211588718359,"2021"
"157","RRSAC1_1/15/2021_11:20",0,0,3.464349808,91.22787832,0,5.773916347,2.309566539,0,16.16696577,0,0,0,20.78609885,0,26.56001519,3.464349808,107.3948441,0,23.09566539,0,0,1.154783269,9.238266157,1.154783269,0,0,0,43.88176424,30.02436501,0,3.464349808,6.928699619,0,9.238266157,0,0,4.619133078,2.309566539,0,2.309566539,0,0,0,3.464349808,0,0,0,0,0,0,0,2021-01-15,"RRSAC1","11:20:00",10.663,117,160.9,105,0.08,99.5,11.06,7.79,2.6,1.42,0.55,276507,277293,1,NA,1.493040276,0,0,"control",-0.3,4790,8775,0.418031543615,"2021"
"158","RRSAC2_1/22/2021_8:10",0,1.506877138,13.56189424,153.701468,0,0,4.520631413,6.027508551,25.61691135,0,0,0,19.58940279,1.506877138,18.08252565,3.013754275,55.7544541,0,6.027508551,0,0,1.506877138,4.520631413,0,0,0,1.506877138,18.08252565,37.67192845,1.506877138,1.506877138,16.57564852,0,7.534385687,6.027508551,0,0,1.506877138,1.506877138,4.520631413,0,0,0,1.506877138,0,0,0,0,0,0,0,2021-01-22,"RRSAC2","08:10:00",9.911,150.6,211.3,137,0.1,98.7,11.16,7.86,3.52,2.22,0.66,308470,309264,2,NA,1.508236614,0,0,"treatment",0,4420,8775,0.414391212846,"2021"
"159","RRSAC7_2/15/2021_6:50",0,3.149333554,7.873333882,94.48000664,0,0,1.574666777,0,50.38933686,0,1.574666777,1.574666777,33.06800232,1.574666777,11.02266744,1.574666777,176.362679,0,11.02266744,0,0,1.574666777,39.36666942,0,0,0,0,23.62000165,0,4.724000331,0,11.02266744,0,6.298667108,6.298667108,0,17.32133455,1.574666777,7.873333882,0,0,0,1.574666777,0,3.149333554,0,0,0,1.574666777,0,0,2021-02-15,"RRSAC7","06:50:00",11.512,154.3,207.6,135,0.1,97.6,10.63,7.68,10.3,4.43,0.6,378578,379374,1,NA,1.512035699,0,0,"treatment",4,9260,8775,0.521214703172,"2021"
"160","RRSAC7_3/1/2021_7:00",0,5.511333719,49.60200347,639.3147115,0,0,0,0,236.9873499,0,5.511333719,0,49.60200347,0,27.5566686,0,132.2720093,0,11.02266744,0,0,0,27.5566686,0,0,0,0,418.8613626,0,16.53400116,5.511333719,66.13600463,0,0,0,0,11.02266744,11.02266744,0,5.511333719,0,0,0,0,16.53400116,0,0,0,0,0,0,2021-03-01,"RRSAC7","07:00:00",10.78,166.7,228.5,148.529,0.11,102,11.3,8.11,5.17,5.01,0.8,422708,423504,3,NA,1.512035699,0,0,"treatment",4,4740,8775,1.736070121586,"2021"
"161","RRSAC7_2/22/2021_6:50",0,8.205152694,20.51288174,430.7705164,0,0,16.41030539,8.205152694,139.4875958,0,0,0,77.9489506,0,32.82061078,4.102576347,266.6674626,0,53.33349251,0,0,0,32.82061078,4.102576347,0,0,0,110.7695614,36.92318712,8.205152694,12.30772904,0,4.102576347,16.41030539,12.30772904,0,4.102576347,0,0,0,0,0,0,0,0,0,0,0,0,0,0,2021-02-22,"RRSAC7","06:50:00",10.52,NA,224.7,NA,0.11,100.7,11.22,7.85,7.9,3.81,NA,401168,401970,2,"using backup sonde with missing values",1.523432953,0,0,"treatment",4,6460,8775,1.30051670206,"2021"
"162","RRSAC7_3/22/2021_7:25",0,12.57626844,7.545761065,168.5219971,0,7.545761065,5.030507375,0,20.1220295,0,0,0,60.36608851,0,42.75931269,0,249.0101151,0,37.72880532,0,0,0,0,0,0,0,0,65.39659588,0,15.09152213,7.545761065,2.515253688,0,0,0,0,5.030507375,0,0,0,0,0,0,0,0,0,0,0,0,2.515253688,0,2021-03-22,"RRSAC7","07:25:00",12.71,140.7,183.7,119.395,0.09,100.3,10.63,7.72,6.68,3.9,0.65,488280,489085,1,NA,1.52913158,0,0,"treatment",4,8060,8775,0.709301539991,"2021"
"163","RRSAC2_2/2/2021_8:00",11.64438392,0,29.11095979,360.9759014,0,29.11095979,23.28876783,29.11095979,64.04411154,0,5.822191958,0,75.68849547,17.46657587,75.68849547,0,576.3970039,0,250.3542542,0,0,0,0,11.64438392,0,0,0,34.93315175,0,0,17.46657587,46.57753567,0,29.11095979,17.46657587,0,17.46657587,0,0,0,0,0,0,0,0,0,0,0,0,0,0,2021-02-02,"RRSAC2","08:00:00",9.736,128.4,181,118,0.09,93.4,10.6,7.52,13.9,5.67,0.69,346948,347770,3,NA,1.5614238,0,0,"treatment",0,7370,8775,1.723368819668,"2021"
"164","RRSAC8_3/8/2021_6:35",0,7.081552284,17.70388071,230.1504493,0,0,7.081552284,14.16310457,77.89707512,0,7.081552284,0,95.60095585,3.540776143,60.19319442,0,350.5368381,0,49.570866,0,0,0,0,0,0,0,0,162.8757026,0,0,3.540776143,14.16310457,0,14.16310457,3.540776143,0,0,0,0,0,0,0,0,0,0,0,0,0,0,0,0,2021-03-08,"RRSAC8","06:35:00",12.693,169,220.8,143.57,0.11,98.4,10.45,8.17,4.96,5.66,0.93,446318,447144,2,NA,1.569021969,7.081552284,0,"treatment",6,5010,8775,1.118885261091,"2021"
"165","RRSAC7_2/8/2021_6:45",0,10.60948402,31.82845205,286.4560684,0,5.304742008,23.87133904,0,66.30927512,0,0,0,10.60948402,0,15.91422602,2.652371004,225.4515354,0,71.61401711,0,0,2.652371004,37.13319405,2.652371004,0,0,0,122.0090662,0,13.26185502,2.652371004,23.87133904,0,18.56659703,5.304742008,0,10.60948402,0,2.652371004,18.56659703,0,0,0,0,0,0,0,0,0,0,0,2021-02-08,"RRSAC7","06:45:00",10.138,146.8,204.8,133,0.1,93.5,10.51,7.58,12.01,2.69,0.69,356992,357819,2,NA,1.570921512,0,0,"treatment",4,6740,8775,1.010553352606,"2021"
"166","RRSAC8_1/22/2021_7:10",0,2.1116831,8.446732398,192.1631621,0,0,2.1116831,6.3350493,23.2285141,0,0,0,40.1219789,0,8.446732398,0,67.57385923,0,2.1116831,0,0,0,2.1116831,0,0,0,0,23.2285141,6.3350493,0,0,8.446732398,0,10.5584155,2.1116831,0,4.2233662,0,0,0,0,0,0,0,0,0,0,0,0,0,0,2021-01-22,"RRSAC8","07:10:00",9.801,162.4,228.6,149,0.11,97.1,11,7.91,4.16,2.48,0.61,304847,305678,2,NA,1.578519681,0,0,"treatment",6,4420,8775,0.409666521424,"2021"
"167","RRSAC6_2/8/2021_7:00",0,13.8800516,11.10404127,249.8409287,0,2.776010319,0,0,33.31212383,0,0,0,33.31212383,2.776010319,2.776010319,0,166.5606191,0,30.53611351,0,0,2.776010319,27.76010319,2.776010319,0,0,0,44.4161651,0,8.328030959,2.776010319,22.20808255,0,0,0,0,2.776010319,11.10404127,13.8800516,11.10404127,0,0,0,0,2.776010319,0,0,0,0,0,0,2021-02-08,"RRSAC6","07:00:00",10.193,147.3,205.1,133,0.1,93.8,10.53,7.63,12.01,3.1,0.72,357813,358675,2,NA,1.637405493,0,0,"treatment",3,6740,8775,0.699554600331,"2021"
"168","RRSAC6_1/5/2021_7:30",1.562329644,1.562329644,20.31028537,165.6069423,0,12.49863715,3.124659288,0,26.55960395,0,1.562329644,0,23.43494466,14.0609668,39.0582411,0,143.7343272,0,48.43221896,0,0,7.811648221,0,1.562329644,0,0,0,15.62329644,0,0,1.562329644,3.124659288,0,9.373977863,3.124659288,0,0,0,0,0,0,0,0,0,0,0,0,0,0,0,0,2021-01-05,"RRSAC6","07:30:00",9.674,147.9,208.9,136,0.1,95.5,10.86,7.75,5.24,2.36,0.74,232632,233880,1,NA,2.370628835,3.124659288,0,"treatment",3,4620,8775,0.543690716098,"2021"
